,Text,Good A,Good B,Good C,Person 1 money,Person 2 money,Person 3 money
0,"**Allocation:**

* **Good A:** Person 3
* **Good B:** Person 2
* **Good C:** Person 1
* **Money:**
    * Person 1: 3 units
    * Person 2: 1 unit
    * Person 3: 1 unit

**Total Value:**

* Person 1: 25 + 3 = 28
* Person 2: 40 + 1 = 41
* Person 3: 45 + 1 = 46

This allocation results in a relatively equal distribution of value among the individuals, considering both goods and money. Person 3 receives the highest total value (46), but this is because they have a strong preference for Good C, which has the highest overall value. Person 2 receives the second highest total value (41), and Person 1 receives the lowest total value (28). However, the allocation ensures that all individuals receive at least some of the resources they value most.",3,2,1,3,1,1
1,"**Allocation:**

- Give Good A to Person 3.
- Give Good B to Person 2.
- Give Good C to Person 1.
- Distribute the 5 units of money:
    - Give 2 units to Person 1.
    - Give 1 unit to Person 2.
    - Give 2 units to Person 3.

**Explanation:**

This allocation results in the following total values for each person:

- Person 1: 50 + 2 = 52
- Person 2: 40 + 1 = 41
- Person 3: 45 + 2 = 47

This allocation is fair because it satisfies the following criteria:

- **Efficiency:** All the goods are allocated to the individuals who value them most.
- **Envy-Freeness:** No individual would prefer someone else's allocation if they had to switch.
- **Equity:** The allocation of money helps to equalize the total values received by each individual, taking into account their different valuations for the goods.",3,2,1,2,1,2
2,"**Allocation:**

* **Person 1:**
    * Good A (45)
    * 2 units of money (2 units)

* **Person 2:**
    * Good B (40)
    * 3 units of money (3 units)

* **Person 3:**
    * Good C (45)",1,2,3,2,3,0
3,"**Allocation:**

* **Person 1:** Good A, 2 units of money
* **Person 2:** Good B, 3 units of money
* **Person 3:** Good C, throw away the remaining 2 units of money

**Rationale:**

This allocation aims to balance the overall value received by each individual as fairly as possible, while also distributing the money in a way that complements the goods allocation.

* **Person 1:** Receives Good A (value 45) and 2 units of money (worth 20), for a total value of 65.
* **Person 2:** Receives Good B (value 40) and 3 units of money (worth 30), for a total value of 70.
* **Person 3:** Receives Good C (value 45), but discarding the remaining 2 units of money (worth 20) results in a total value of 65.

While Person 2 receives slightly more value than Persons 1 and 3, the money allocation is used to compensate Person 1 for receiving the lowest-valued good and to align Person 3's overall value with the other individuals. Additionally, discarding the remaining money reduces the overall allocation and avoids giving an unfair advantage to any one person.

This allocation attempts to strike a balance between fairness, efficiency, and the divisible nature of the money resource. It is important to note that this is just one possible solution and there are other allocations that could be considered fair.",1,2,3,2,3,0
4,"I allocate Good A to Person 3, Good B to Person 2, Good C to Person 1, and 1 unit of money to each of the three individuals. 

This allocation results in a total value of 100 for Person 1, 95 for Person 2, and 100 for Person 3. I believe this is a fair allocation because it gives each individual a similar total value, while also taking into account their individual preferences for the goods.",3,2,1,1,1,1
5,"**Proposed Allocation:**

* Person 1: Good A, 3 units of money
* Person 2: Good B, 1 unit of money
* Person 3: Good C, 1 unit of money

**Reasoning:**

This allocation aims to achieve a balance between individual preferences and the efficient use of resources.

* **Individual Preferences:**
    * Person 1 highly values Good A over the other two goods.
    * Person 2 prefers Good B over A and C.
    * Person 3 has the highest preference for Good C, but values Good A only slightly more than Good B.
* **Efficient Use of Money:**
    * Assigning 3 units of money to Person 1 gives them the equivalent value of Good C, which they value more than Good B.
    * Allocating 1 unit of money to Person 2 is the minimum amount required to make them indifferent between Good A and Good B.
    * Person 3's high preference for Good C means that allocating them 1 unit of money is more efficient than giving them any of the goods.
* **Fairness:**
    * All individuals receive a fair share of value based on their preferences.
    * The money is allocated in a way that maximizes its efficiency.
    * No goods are wasted, as all are allocated to individuals who value them the most.",1,2,3,3,1,1
6,"**Allocation:**

* **Person 1:** Good A, 1 unit of money
* **Person 2:** Good B, 3 units of money
* **Person 3:** Good C, 1 unit of money

**Explanation:**

This allocation aims to maximize the total value obtained by all individuals while considering fairness.

* **Person 1** receives Good A, which is their highest valued good, and 1 unit of money to compensate for not receiving Good B or C.
* **Person 2** receives Good B, which is their second highest valued good, and 3 units of money to compensate for not receiving Good A or C.
* **Person 3** receives Good C, which is their highest valued good, and 1 unit of money to compensate for not receiving Good A or B.

**Total Value:**

* Person 1: 45 (Good A) + 1 (money) = 46
* Person 2: 40 (Good B) + 3 (money) = 43
* Person 3: 45 (Good C) + 1 (money) = 46

**Total Money Allocated:** 5 units

This allocation ensures that all individuals receive goods and money that have equal value to them, resulting in a fair distribution of resources.",1,2,3,1,3,1
7,"**Goods Allocation:**

* **Person 1:** Good A, 2 units of money
* **Person 2:** Good B, 3 units of money
* **Person 3:** Good C

**Justification:**

This allocation maximizes the total utility of the individuals while also considering their preferences.

* Person 1 receives their highest-valued good (Good A) and a substantial amount of money to compensate for not receiving Good B.
* Person 2 receives their highest-valued good (Good B) and a sufficient amount of money to make up for not getting Good A.
* Person 3 receives their most preferred good (Good C), which is worth nearly twice as much to them as Good A or Good B. The remaining money is allocated to ensure fairness for all parties.

**Total Utility:**

* Person 1: 45 (Good A) + 2 (Money) = 47
* Person 2: 40 (Good B) + 3 (Money) = 43
* Person 3: 45 (Good C) = 45

Total Utility: 135

This allocation achieves a high level of total utility, demonstrating its overall fairness.",1,2,3,2,3,0
8,"Give Good A to Person 3, Good B to Person 2, and Good C to Person 1. Also, give $3 of the available money to Person 3 and $2 to Person 1. This allocation has a total social value of 155 (the sum of the values of the goods, plus the value of the money, for each agent).",3,2,1,2,0,3
9,"**Allocation:**

* **Person 1:**
    * Good A
    * 1 unit of money
* **Person 2:**
    * Good B
    * 2 units of money
* **Person 3:**
    * Good C
    * 2 units of money

**Rationale:**

This allocation aims to maximize the total value received by all individuals, while also ensuring a relatively equitable distribution of the goods and money.

* Person 1 receives the good with the highest value for them (Good A), which is worth 45. They also receive 1 unit of money, which is equivalent to Good A in value.
* Person 2 receives the good with the highest value for them (Good B), which is worth 40. They receive an additional 2 units of money, which brings their total value to 42.
* Person 3 receives the good with the highest value for them (Good C), which is worth 45. They also receive 2 units of money, bringing their total value to 47.

This allocation results in the following total values for each person:

* Person 1: 46
* Person 2: 42
* Person 3: 47

While Person 3 receives the highest total value, the difference between their value and the values of the other individuals is relatively small. This allocation ensures that all individuals receive a significant portion of the available resources, while also considering their individual preferences and values.",1,2,3,1,2,2
10,"Allocate Good A to Person 3, Good B to Person 2, Good C to Person 1, and 5 units of money to Person 3.",3,2,1,0,0,5
11,"**Allocation:**

* Person 1 receives Good A and 1 unit of money
* Person 2 receives Good B and 3 units of money
* Person 3 receives Good C and 1 unit of money

**Explanation:**

This allocation is fair because it gives each person goods and money with a total value of 75, which is the average value of all the goods and money available (3 * 75 = 225 / 3 = 75). This ensures that no one person receives significantly more or less value than the others.

Additionally, this allocation takes into account the different values that each person places on the goods. For example, Person 3 values Good C the highest, so they receive it in the allocation. Similarly, Person 2 values Good B the highest, so they receive it.

The allocation also ensures that all goods are allocated, as discarding any of them would reduce the total value available for distribution.",1,2,3,1,3,1
12,"**Allocation:**

* Give Good A to Person 3
* Give Good B to Person 2
* Give Good C to Person 1
* Give 2 units of money to Person 1
* Give 3 units of money to Person 3

**Explanation:**

This allocation maximizes the total value received by the individuals, which is 150 units. This is achieved by giving the highest-valued good to each individual and allocating the remaining money in a way that further equalizes the total value received.

* Person 1 values Good A the most, Good B the next most, and Good C the least. Allocating Good A and 2 units of money to Person 1 gives them a total value of 45 + 2 = 47 units.
* Person 2 values Good B the most, Good A the next most, and Good C the least. Allocating Good B to Person 2 gives them a total value of 40 units.
* Person 3 values Good C the most, Good A the next most, and Good B the least. Allocating Good C and 3 units of money to Person 3 gives them a total value of 45 + 3 = 48 units.

This allocation ensures that all individuals receive a fair share of the goods and money available, while also maximizing the overall efficiency of the allocation.",3,2,1,2,0,3
13,"**Allocation:**

**Person 1:**
* Good A (value 45)
* 1 unit of money (value 5)

**Person 2:**
* Good B (value 40)
* 2 units of money (value 10)

**Person 3:**
* Good C (value 45)
* 2 units of money (value 10)

**Unallocated:**
* None

**Rationale:**

This allocation aims to distribute the goods and money in a manner that maximizes the total value for all individuals while also ensuring a sense of fairness.

* Person 1 receives Good A, which they value the most. They also receive a small amount of money to compensate for not receiving Good B or Good C.
* Person 2 receives Good B, their most preferred good. They also receive a larger amount of money to balance out the value of their allocation.
* Person 3 receives Good C, which is their second most preferred good. They receive an equal amount of money as Person 2 to match the total value of their allocation.

By allocating the goods and money in this way, the total value for all individuals is maximized (45 + 40 + 45 = 130). Additionally, each individual receives an allocation that they value more than the other options, with the discrepancies in value compensated for by the monetary allocation.",1,2,3,1,2,2
14,"**Fair Allocation:**

**Goods:**
- Good A: Person 3
- Good B: Person 2
- Good C: Person 1

**Money:**
- Person 1: 1 unit
- Person 2: 2 units
- Person 3: 2 units

**Rationale:**

This allocation ensures that each person receives a good that they value the most. Person 3 values Good A the most, so they receive it. Person 2 values Good B the most, so they receive it. And Person 1 values Good C the most, so they receive it.

The money is allocated to equalize the total value received by each person. Person 3 receives the most valuable good (Good A), so they receive the least amount of money (1 unit). Person 2 receives a good of intermediate value (Good B), so they receive an intermediate amount of money (2 units). And Person 1 receives the least valuable good (Good C), so they receive the most amount of money (2 units).

Overall, this allocation strikes a balance between fairness and efficiency. It ensures that everyone receives a good that they value, and it does so in a way that minimizes the amount of money that needs to be distributed.",3,2,1,1,2,2
15,"**Allocation:**

* Person 1: Good A, 1 unit of money
* Person 2: Good B, 1 unit of money
* Person 3: Good C, 3 units of money

**Justification:**

This allocation attempts to balance the equity and efficiency of the distribution.

* **Equity:** Each person receives goods worth a total of 50 units, which is the highest possible value they could receive given the available resources.
* **Efficiency:** All goods are allocated to individuals who value them the most, with Person 3 receiving the good they value the most (Good C), Person 2 receiving the good they value the next most (Good B), and Person 1 receiving the good they value the least (Good A).
* **Money allocation:** The remaining 3 units of money are allocated to Person 3 to compensate for receiving the good with the lowest value, thus ensuring equity.",1,2,3,1,1,3
16,"**Allocation:**

* **Person 1:** Good A (45) + $2
* **Person 2:** Good B (40) + $1
* **Person 3:** Good C (45) + $2

**Explanation:**

This allocation is considered fair for the following reasons:

* **Total Value Maximization:** It maximizes the total value obtained by the individuals, with a combined value of 132 (45+40+45+2+1+2). This indicates an efficient use of the available goods and money.
* **Equity:** Each individual receives a roughly equal value: Person 1 gets 47 (45+2), Person 2 gets 41 (40+1), and Person 3 gets 47 (45+2).
* **Priority to Highest Valuations:** Person 1 has the highest value for Good A and Person 2 has the highest value for Good B. Thus, they receive these goods to ensure a fair distribution.
* **Balancing of Values:** Person 3 has the highest value for Good C, but their values for the other goods are lower. Therefore, they receive Good C but are compensated with money to balance their overall value.
* **Avoiding Waste:** All goods are allocated, ensuring that there is no waste in the form of discarded goods.",1,2,3,2,1,2
17,"**Allocation of Goods and Money:**

* Person 1: Good B, 3 units of money
* Person 2: Good A, 2 units of money
* Person 3: Good C

**Explanation:**

This allocation maximizes the total value obtained by the individuals, while ensuring that each person receives a fair share of resources.

* Person 1 receives the good they value highest (Good B) and an additional 3 units of money, which they can use to compensate for not receiving Good A or Good C.
* Person 2 receives the good they value second highest (Good A) and 2 units of money, which provides them with additional value to make up for not receiving Good B or Good C.
* Person 3 receives the good they value highest (Good C) but no money, as they already have a high total value compared to the other individuals.

**Total Value:**

* Person 1: 45 (Good B) + 3 (money) = 48
* Person 2: 35 (Good A) + 2 (money) = 37
* Person 3: 45 (Good C) = 45

**Total Value Received:** 48 + 37 + 45 = 130

This allocation ensures that all individuals receive a fair share of goods and money, maximizing the total value obtained while also considering the relative values of the goods to each person.",2,1,3,3,2,0
18,"**Allocation:**

* **Person 1:** Good A, 2 units of money
* **Person 2:** Good B, 3 units of money
* **Person 3:** Good C, not allocated

**Explanation:**

This allocation maximizes the **total social value** of the goods, which is calculated as the sum of the values that each individual assigns to the goods they receive.

* Person 1's total value: 45 (Good A) + 2 (money) = 47
* Person 2's total value: 40 (Good B) + 3 (money) = 43
* Person 3's total value: 45 (Good C) = 45

**Total social value:** 47 + 43 + 45 = 135

**Rationale:**

* Giving Good A to Person 1 maximizes their value, as they value it more than the other individuals.
* Giving Good B to Person 2 also maximizes their value, as they value it more than the other individuals.
* Giving Good C to Person 3 would maximize their value, but it would also result in the lowest total social value. This is because Good C is valued more by Person 1 and Person 2 than it is by Person 3.
* Allocating monetary units to Person 1 and Person 2 compensates them for not receiving Good C, while still maintaining a higher total social value than if Good C were allocated to Person 3.",1,2,None,2,3,0
19,"- Person 1 receives Good A and 2.5 units of money (total value: 45 + 2.5 = 47.5)
- Person 2 receives Good B and 1 unit of money (total value: 40 + 1 = 41)
- Person 3 receives Good C and 1.5 units of money (total value: 45 + 1.5 = 46.5)",1,2,3,2.5,1,1.5
20,"Allocate Good A to Person 3, Good B to Person 2, Good C to Person 1, and give Person 3 2.5 units of money.",3,2,1,0,0,2.5
21,"Allocate Good A to Person 3, Good B to Person 2, Good C to Person 1, and 5 units of money to Person 3.",3,2,1,0,0,5
22,"**Allocation:**

* Person 1: Good A and 1 unit of money
* Person 2: Good B and 2 units of money
* Person 3: Good C and 2 units of money

**Explanation:**

This allocation considers both the preferences of the individuals and the limited availability of goods and money. It aims to balance the benefits among the individuals while ensuring that the total resources available are not exceeded.

* **Person 1** receives their most valuable good, Good A, and an additional unit of money to compensate for not receiving Good B or C.
* **Person 2** receives their second-most valuable good, Good B, and two units of money to supplement the value of Good A.
* **Person 3** receives their most valuable good, Good C, and two units of money to compensate for the lower value of Good B.

This allocation ensures that each individual receives resources that are valued close to the total value of the resources allocated to others. It also balances the distribution of goods and money to ensure that no one person benefits excessively.",1,2,3,1,2,2
23,"**Allocation:**

* **Good A:** Person 1
* **Good B:** Person 2
* **Good C:** Person 3
* **Money:**
    * Person 1: 2 units
    * Person 2: 1.5 units
    * Person 3: 1.5 units

**Explanation:**

This allocation ensures that each person receives goods that they value the most. Person 1 receives Good A, which they value the highest. Person 2 receives Good B, which they value slightly more than Good C. Person 3 receives Good C, which they value the highest, and the remaining money to make up for the lower value they place on Good B.

The money allocation further balances the distribution of value. Person 1 receives 2 units of money, which is equal to the value of Good B that they have given up. Person 2 receives 1.5 units of money, which makes up for the difference in value between Good A and Good B. Person 3 receives 1.5 units of money, which is equal to the difference in value between Good B and Good C.

Overall, this allocation aims to achieve fairness by giving each person the goods and money that they value the most, while also balancing the distribution of value among all three individuals.",1,2,3,2,1.5,1.5
24,"**Allocation:**
* Good A: Person 1
* Good B: Person 3
* Good C: Person 2
* Money (4 units): Person 3
* Money (1 unit): Person 1

**Reasoning:**

This allocation is considered fair because it maximizes the total value of the allocation across all individuals:

* Person 1 receives Good A (value 45) and 1 unit of money (value 1) for a total value of 46.
* Person 2 receives Good C (value 25) for a total value of 25.
* Person 3 receives Good B (value 5) and 4 units of money (value 4) for a total value of 9.

Therefore, the total value of the allocation is 46 + 25 + 9 = 80.

Additionally, this allocation considers the different preferences and values of the individuals:

* Person 1 values Good A highly and gets their preferred good.
* Person 2 values Good C highly and gets their preferred good.
* Person 3 values Good B the least and receives it, along with a significant portion of the money, which can be used to compensate for the lower value of Good B.",1,3,2,1,0,4
25,"**Allocation:**

* **Person 1:**
    * Good A
    * 1 unit of money
* **Person 2:**
    * Good B
    * 2 units of money
* **Person 3:**
    * Good C
    * 2 units of money

**Rationale:**

* This allocation **maximizes the total value** for all individuals:
    * Person 1: 45 (Good A) + 1 (money) = 46
    * Person 2: 40 (Good B) + 2 (money) = 42
    * Person 3: 45 (Good C) + 2 (money) = 47
* It ensures that **everyone receives at least one good and some money**.
* It recognizes **Person 3's high value for Good C**, which is not met by the other two goods.
* It allocates more money to **Person 2**, who values money relatively highly compared to the other two individuals.
* It discards Good A for Person 2 and Good C for Person 1 to **achieve a more balanced allocation**.",1,2,3,1,2,2
26,"**Allocation:**

* **Person 1:** Good A (45)
* **Person 2:** Good B (40), 3 units of money (3)
* **Person 3:** Good C (45), 2 units of money (2)

**Total Value:**

* Person 1: 45 + 0 = 45
* Person 2: 40 + 3 = 43
* Person 3: 45 + 2 = 47

**Reasoning:**

This allocation maximizes the total value received by all three individuals. Person 1 receives their highest-valued good, Good A. Person 2 receives their second-highest-valued good, Good B, and additional value through money to compensate for not receiving Good A. Person 3 receives their third-highest-valued good, Good C, along with the most valuable good among the remaining three, and additional money to compensate for not receiving Good A or Good B.

This allocation also ensures that all individuals receive a fair share of value, as they all end up with a total value of between 43 and 47. The use of divisible money allows for finer adjustments in the allocation to achieve this fairness.",1,2,3,0,3,2
27,"**Allocation:**

* **Person 1:** Good A, 1 unit of money
* **Person 2:** Good B, 2 units of money
* **Person 3:** Good C, 2 units of money

**Reasoning:**

This allocation maximizes the total value obtained by all individuals:

* Person 1: 45 (Good A) + 1 = 46
* Person 2: 40 (Good B) + 2 = 42
* Person 3: 45 (Good C) + 2 = 47

This allocation also considers the preferences of each individual by giving them the goods they value most highly.

* Person 1 highly values Good A.
* Person 2 highly values Good B.
* Person 3 highly values Good C.

The allocation also takes into account the available money, which is worth as much as the goods. By allocating 1 unit of money to Person 1 and 2 units of money each to Persons 2 and 3, we distribute the wealth fairly while still ensuring that each person receives goods that they value.

Overall, this allocation aims to achieve fairness by maximizing the total value obtained by all individuals and considering their individual preferences and the available resources.",1,2,3,1,2,2
28,"**Allocation:**

* Good A: Person 1
* Good B: Person 2
* Good C: Person 3
* Money:
    * Person 1: 1 unit
    * Person 2: 2 units
    * Person 3: 2 units

**Value of the Allocation:**

* Person 1: (45 + 1) = **46**
* Person 2: (40 + 2) = **42**
* Person 3: (45 + 2) = **47**

**Explanation:**

This allocation is fair because it gives each person the good they value most, while balancing the total value received by each individual. Person 1 receives Good A, which they value the most, and an additional unit of money to compensate for not receiving Good B or C. Person 2 receives Good B, which they value the most, and two units of money to compensate for not receiving Good A or C. Person 3 receives Good C, which they value the most, and two units of money to compensate for not receiving Good A or B.

Moreover, the total value received by each person is relatively equal, with Person 3 receiving slightly more than the others due to their high valuation of Good C. However, this is compensated for by the fact that Person 3 has the lowest valuation for Good B, which is allocated to Person 2.",1,2,3,1,2,2
29,"- Give Good A to Person 2.
- Give Good C to Person 1.
- Give Good B to Person 3.
- Give 2.5 units of money to Person 1.
- Give 1.5 units of money to Person 3.
- Keep Good B and 1 unit of money unallocated.",2,3,1,2.5,0,1.5
30,"**Allocation:**

* Person 1: Good A, 2 units of money
* Person 2: Good B, 3 units of money
* Person 3: Good C, throw away Good A and Good B

**Justification:**

This allocation maximizes the total utility of the three individuals (the sum of their values for the goods they receive):

* Person 1: 45 (Good A) + 2 (money) = 47
* Person 2: 40 (Good B) + 3 (money) = 43
* Person 3: 45 (Good C) = 45

Total utility: 47 + 43 + 45 = 135

Moreover, this allocation is equitable in the sense that each person receives a roughly equal amount of utility:

* Person 1: 47 / 135 = 35%
* Person 2: 43 / 135 = 32%
* Person 3: 45 / 135 = 33%

Throwing away Good A and Good B for Person 3 ensures that they receive a fair share of the total resources, given their high value for Good C.",1,2,3,2,3,0
31,"**Allocation:**

* Person 1: Good A, 1 unit of money
* Person 2: Good B, 2 units of money
* Person 3: Good C, 2 units of money

**Rationale:**

This allocation is fair because it:

* **Maximizes total utility (value):** The total value of the goods allocated to each person is as follows:
    * Person 1: 45 (Good A) + 1 (money) = 46
    * Person 2: 40 (Good B) + 2 (money) = 42
    * Person 3: 45 (Good C) + 2 (money) = 47
* **Addresses individual preferences:** Each person receives the good they value the most.
* **Distributes the available money fairly:** The money is distributed evenly between Persons 2 and 3, who have the second and third highest values for money.
* **Leaves no goods unallocated:** All three goods are allocated to individuals who value them the most.
* **Is not arbitrary:** The allocation is based on clear criteria (value and preferences) and is not subject to personal biases.",1,2,3,1,2,2
32,"**Allocation:**

* **Good A:** Person 3
* **Good B:** Person 2
* **Good C:** Person 1
* **Money:**
    * Person 1: 3 units
    * Person 2: 1 unit
    * Person 3: 1 unit

**Rationale:**

This allocation maximizes the total utility of the individuals.

* **Person 1:** Receives Good C (value 25) and 3 units of money (worth 25). Total utility: 50.
* **Person 2:** Receives Good B (value 40) and 1 unit of money (worth 5). Total utility: 45.
* **Person 3:** Receives Good A (value 50) and 1 unit of money (worth 5). Total utility: 55.

By giving Good A to Person 3, Good B to Person 2, and Good C to Person 1, we ensure that each person receives the good they value the most. The money is then distributed in a way that equalizes the total utility of each individual as much as possible, given the indivisibility of the goods.",3,2,1,3,1,1
33,"**Allocation:**

* Person 1 receives Good A (value: 45) and 3 units of money (value: 30)
* Person 2 receives Good B (value: 40) and 2 units of money (value: 20)
* Person 3 receives Good C (value: 45)

**Total Value for Each Person:**

* Person 1: 45 + 30 = 75
* Person 2: 40 + 20 = 60
* Person 3: 45 + 5 = 50

**Rationale:**

This allocation ensures that the total value for each person is equalized as much as possible, given the indivisibility of the goods.

* Person 1 receives the highest value good (Good A) and has the highest total value after allocation.
* Person 2 receives the second highest value good (Good B) and an intermediate total value.
* Person 3 receives the third highest value good (Good C) and the lowest total value, but they also receive a substantial amount of money (5 units) to compensate for their lower value in goods.

This allocation takes into account the preferences of each individual while ensuring that the overall distribution is fair and equitable.",1,2,3,3,2,5
34,"- Allocate Good A to Person 3
- Allocate Good B to Person 2
- Allocate Good C to Person 1
- Allocate 2 units of money to Person 1
- Allocate 1 unit of money to Person 2
- Allocate 2 units of money to Person 3",3,2,1,2,1,2
35,"**Allocation:**

* Person 1 receives Good C and 1 unit of money.
* Person 2 receives Good A and 2 units of money.
* Person 3 receives Good B and 2 units of money.

**Explanation:**

This allocation aims to maximize the overall fairness by considering both the value of the goods and the availability of money.

**Value of Goods:**

* Person 1 values Good C the most and receives it.
* Person 2 values Good A the most and receives it.
* Person 3 values Good B the most and receives it.

**Value of Money:**

* Person 1's value for money is the same as their value for Good A (30). They receive 1 unit of money, which matches the value of the remaining goods (Good B and Good C) that they don't receive.
* Person 2's value for money is also the same as their value for Good A (35). They receive 2 units of money, which roughly matches the value of the remaining goods (Good B and Good C) that they don't receive.
* Person 3 values money significantly less than Good A and Good B. They receive 2 units of money, which is half of the total available amount. This helps to balance out the allocation, ensuring that Person 3 still receives a fair share.

Overall, this allocation considers both the individual values for the goods and the availability of money to determine a fair distribution among the three individuals.",2,3,1,1,2,2
36,"**Allocation:**

* Person 1: Good A, 2 units of money
* Person 2: Good B, 3 units of money
* Person 3: Good C

**Justification:**

This allocation aims to maximize the total utility of the individuals, taking into account both the goods and the money.

* Person 1 receives Good A, which they value the highest. They also receive 2 units of money, boosting their total utility to 45 + 2 = 47.
* Person 2 receives Good B, which they value more than Good A. Additionally, they receive 3 units of money, increasing their total utility to 40 + 3 = 43.
* Person 3 receives Good C, which they value the highest among the remaining goods. They do not receive any money, but they still receive a utility of 45.

This allocation ensures that all individuals receive a fair share of the resources and maximizes the overall well-being of the group.",1,2,3,2,3,0
37,"**Allocation:**

* **Person 1:**
    * Good A (45)
    * Money (5)
* **Person 2:**
    * Good B (40)
* **Person 3:**
    * Good C (45)

**Rationale:**

This allocation ensures that each person receives goods with the highest value to them. Person 1 values Good A the most and receives the remaining money to compensate for not receiving Good B or C. Person 2 values Good B the most and receives it, while Person 3 values Good C the most and receives it.

This allocation also achieves the following:

* **Efficiency:** The total value of the allocated goods is maximized (45 + 40 + 45 = 130).
* **Equity:** Each person receives goods and money that they value relatively highly compared to the other options.
* **Simplicity:** The allocation is straightforward and easy to implement.

It's important to note that this allocation is a subjective determination of fairness and other allocations may also be considered fair.",1,2,3,5,0,0
38,"**Allocation:**

* Person 1 receives Good A and 1 unit of money
* Person 2 receives Good B and 2 units of money
* Person 3 receives Good C and 2 units of money

**Reasoning:**

This allocation considers the following factors:

* **Individual Preferences:** Person 3 values Good A the most, so allocating it to them ensures they receive their most preferred good. Person 1 values Good A and money almost equally, so giving them both leaves them relatively satisfied. Person 2 values Good B the most, so allocating it to them ensures their satisfaction.
* **Fairness:** Each person receives goods or money with a total value of 80 units. Since the total value of goods and money available is 130 units, this allocation ensures an equitable distribution of resources.
* **Efficiency:** All goods are allocated, and the money is not wasted.

**Additional Considerations:**

* The remaining 2 units of money could be used to compensate Person 3 for receiving Good C, which they value less than the other goods.
* This allocation ensures that all individuals receive a good that they value highly, while also considering fairness and efficiency.
* Other allocations could be considered as fair, such as giving Person 3 Good A and Good B, leaving Good C unallocated. However, this allocation would leave Person 1 with a lower total value (75 units) than the other individuals.",1,2,3,1,2,2
39,"**Allocation:**

* **Good A:** Person 3
* **Good B:** Person 2
* **Good C:** Person 1

**Money Allocation:**

* **Person 1:** 0 units
* **Person 2:** 1 unit
* **Person 3:** 4 units

**Explanation:**

This allocation aims to maximize the total value obtained by all individuals, while also considering fairness.

* Person 3 receives the most valuable Good (A) and an additional 4 units of money, giving them a total value of 95.
* Person 2 receives Good B, which is the good they value second highest, and an additional 1 unit of money, giving them a total value of 80.
* Person 1 receives Good C, which is the good they value second lowest, but they do not receive any money. This is because they have already received the Good with the highest value, and giving them money would increase their total value disproportionately compared to the other individuals.",3,2,1,0,1,4
40,"**Allocation:**

* **Person 1:** Good A, 2 units of money
* **Person 2:** Good B, 3 units of money
* **Person 3:** Good C, no money

**Justification:**

This allocation achieves a high total value for all three individuals, while ensuring that each person receives at least one good.

* **Person 1:** Receives their highest-valued good (Good A) and 2 units of money, resulting in a total value of 65 (45 for Good A + 20 for money).
* **Person 2:** Receives their second-highest-valued good (Good B) and 3 units of money, resulting in a total value of 65 (40 for Good B + 15 for money).
* **Person 3:** Receives their highest-valued good (Good C) and no money, resulting in a total value of 45.

Although Person 3 receives no money, they still have the highest valuation for Good C, which they receive in this allocation.

This allocation is fair because it provides each person with a significant portion of their desired goods and money, while also ensuring that the total value is maximized.",1,2,3,2,3,0
41,"**Allocation:**

**Person 1:**
* Good A (value: 45)
* 1 unit of money (value: 1)

**Person 2:**
* Good B (value: 40)
* 2 units of money (value: 2)

**Person 3:**
* Good C (value: 45)
* 2 units of money (value: 2)

**Rationale:**

* **Person 1** receives the good with the highest value for them (Good A) and a small amount of money to compensate for the slightly lower total value of their allocation.
* **Person 2** receives the good with the second-highest value for them (Good B) and a moderate amount of money to make up the difference in value.
* **Person 3** receives the good that they value the most (Good C) while also receiving a substantial amount of money to balance out the fact that their other goods have lower values.

This allocation attempts to strike a balance between:

* **Equity:** Each person receives an allocation that is roughly equal in value to the others.
* **Fairness:** Person 1 receives the good they most prefer, Person 2 receives a good they highly value, and Person 3 receives the most valuable good overall.
* **Efficiency:** All goods are allocated to individuals who value them the most, and all money is used to increase the overall value of the allocations.",1,2,3,1,2,2
42,"**Allocation:**

* **Person 1:** Good A (45), Good C (25), 1 unit of money
* **Person 2:** Good B (40), 2 units of money
* **Person 3:** Good A (50), 2 units of money

**Total Utility:**

* Person 1: 70 (45 + 25 + 1)
* Person 2: 42 (40 + 2)
* Person 3: 52 (50 + 2)

**Explanation:**

This allocation aims to maximize the total utility of all individuals while considering their preferences and the available resources. Person 1 receives Good A, which they value the highest, as well as Good C and some money to compensate for not receiving Good B. Person 2 receives Good B, which they value the second highest, and money to make up for not receiving Good A. Person 3 receives Good A, which they value the most, and some money to compensate for not receiving Good B or C. This allocation avoids the situation where any one person receives all the most valuable goods, ensuring a fair distribution of benefits among all individuals.",1,2,1,1,2,2
43,"**Allocation:**

* **Person 1:** Good A, 4 units of money
* **Person 2:** Good B, 1 unit of money
* **Person 3:** Good C

**Explanation:**

* This allocation prioritizes the individuals who value the goods the most. Person 1 values Good A highest, so they receive it. Person 3 values Good C highest, so they receive it.
* Person 2 values Good B slightly more than Person 1 values Good B. Therefore, Person 2 receives Good B.
* Person 3 has the lowest value for Good B, so they receive the remaining money instead. This ensures that they receive at least some compensation for not receiving a good they value highly.
* The allocation is fair because it considers the individual valuations of the goods and allocates the goods accordingly. It also distributes the money fairly, ensuring that everyone receives some benefit.",1,2,3,4,1,0
44,"**Allocation:**

* Person 1: Good A, 1 unit of money
* Person 2: Good B, 2 units of money
* Person 3: Good C, 2 units of money

**Rationale:**

* This allocation gives each person a good they value highly.
* It allocates the money fairly, giving each person more money for goods they value less.
* It ensures that no good is wasted, as all goods are allocated.
* The total value of the goods and money allocated to each person is equal:
    * Person 1: Good A (45) + Money (1) = 46
    * Person 2: Good B (40) + Money (2) = 42
    * Person 3: Good C (45) + Money (2) = 47",1,2,3,1,2,2
45,"**Allocation:**

* **Person 1:** Good A, 2 units of money
* **Person 2:** Good B, 3 units of money
* **Person 3:** Good C, discard Good A (value of 50)

**Explanation:**

This allocation aims to maximize the total value received by all individuals while also considering fairness and efficiency.

* Person 1 receives Good A, which has the highest value for them (45). They also receive 2 units of money, which is equivalent to the combined value of Good B and Good C for them.
* Person 2 receives Good B, which has the highest value for them (40). They also receive 3 units of money, which is equivalent to the value of Good A for them.
* Person 3 receives Good C, which has the highest value for them (45). Due to the indivisibility of goods, Good A (which has a higher value for Person 3) is discarded.

**Total Value Received:**

* Person 1: 45 (Good A) + 2 (money) = 47
* Person 2: 40 (Good B) + 3 (money) = 43
* Person 3: 45 (Good C) = 45

**Fairness Considerations:**

* All individuals receive at least one good or an equivalent amount of money.
* The allocation takes into account the value each individual places on the goods, maximizing the total value received.

**Efficiency Considerations:**

* Discarding Good A ensures that the value lost from not allocating it is minimized.
* Allocating money to individuals who value it more (Person 1 and Person 2) increases the overall efficiency of the allocation.",1,2,3,2,3,0
46,"**Allocation:**

* **Person 1:** Good A (worth 45)
* **Person 2:** Good B (worth 40) + 2 units of money (worth 20)
* **Person 3:** Good C (worth 45) + 3 units of money (worth 30)

**Reasons for Allocation:**

* **Equity:** Each person receives a good worth approximately their highest value (45 for Person 1 and 3, 40 for Person 2).
* **Efficiency:** The total value of the allocation is 130, which is the highest possible given the available resources.
* **Envy-freeness:** No person envies the allocation of any other person because each person receives a good worth more than any other good available to them.
* **Maximization of satisfaction:** This allocation gives the highest possible total satisfaction to the individuals, as it assigns each person their highest valued good and additional money to increase their satisfaction.
* **Consideration of Person 3's low value for Good B:** Person 3 values Good B very low, so it would be unfair to allocate it to them. Instead, they receive Good C and a larger portion of the money.",1,2,3,0,2,3
47,"**Allocation:**

* Person 1: Good A (45)
* Person 2: Good B (40)
* Person 3: Good C (45)

**Additional Money Allocation:**

* Person 1: 2.5 units
* Person 2: 2.5 units

**Explanation:**

This allocation maximizes the total value for the three individuals. Person 1 receives their most valuable good (A) plus 2.5 units of money. Person 2 receives their most valuable good (B) plus 2.5 units of money. Person 3 receives their most valuable good (C) and no additional money, as their valuation for Good B is very low (5).

This allocation is also fair in the sense that it gives each person a similar ""bundle"" of value. Person 1 receives a bundle worth 47.5 units (Good A + 2.5 money), Person 2 receives a bundle worth 42.5 units (Good B + 2.5 money), and Person 3 receives a bundle worth 45 units (Good C).",1,2,3,2.5,2.5,0
48,"**Allocation:**

* **Person 1:** Good A (45)
* **Person 2:** Good B (40)
* **Person 3:** Good C (45), plus 5 units of money

**Justification:**

* This allocation gives each person their highest-valued good.
* It also provides Person 3 with additional compensation through the money, which equals the value of the discarded Good A.
* The total value of the allocation to each person is:
    * Person 1: 45 + 0 = 45
    * Person 2: 40 + 0 = 40
    * Person 3: 45 + 5 = 50
* This ensures that all individuals receive a fair share of the available resources, considering both goods and money.",1,2,3,0,0,5
49,"**Allocation:**

* **Person 1:** Good A, 2 units of money
* **Person 2:** Good B, 3 units of money
* **Person 3:** Good C, 1 unit of money

**Explanation:**

This allocation aims to maximize the total utility of all individuals, considering both goods and money as equivalent resources.

* Person 1 values Good A the highest among all goods and has a relatively low value for Good C. They also value 2 units of money as equivalent to Good C.
* Person 2 values Good B the highest and has a relatively low value for Good A. They value 3 units of money as equivalent to Good A.
* Person 3 values Good C the highest and has a very low value for Good B. They value 1 unit of money as equivalent to Good B.

By allocating Good A to Person 1, Good B to Person 2, and Good C to Person 3, we maximize the value they derive from the goods. The allocation of money compensates for any remaining discrepancies in their preferences and ensures that the total utility is maximized.",1,2,3,2,3,1
50,"**Allocation:**

* Person 1: Good A, 1 unit of money
* Person 2: Good B, 3 units of money
* Person 3: Good C, 1 unit of money

**Justification:**

This allocation aims to provide a fair distribution of value while also considering the indivisibility of the goods:

* **Value optimization:** Person 1 highly values Good A (45), so they receive it. Person 2 highly values Good B (40) and Person 3 highly values Good C (45), so they each receive those goods.
* **Fairness:** The value received by each person is relatively balanced: Person 1 receives 46 units of value (Good A: 45 + Money: 1), Person 2 receives 43 units of value (Good B: 40 + Money: 3), and Person 3 receives 46 units of value (Good C: 45 + Money: 1).
* **Indivisibility:** By allocating the goods this way, we avoid splitting any of the goods among multiple recipients, ensuring that each person receives a whole good that they value highly.
* **Money allocation:** The remaining money is used to further balance the distribution. Person 3 receives less value from the goods than the other two, so they receive an extra unit of money to compensate.",1,2,3,1,3,1
51,"Give Good A and 2.5 units of money to Person 1.
Give Good B to Person 2.
Give Good C and 2.5 units of money to Person 3.",1,2,3,2.5,0,2.5
52,"Allocate Good A to Person 3, Good B to Person 2, and Good C to Person 1. Additionally, allocate 2 units of money to Person 1, 1 unit of money to Person 2, and 2 units of money to Person 3.",3,2,1,2,1,2
53,"Allocate Good A to Person 3, Good B to Person 2, Good C to Person 1, and 2 units of money to Person 3.",3,2,1,0,0,2
54,"**Allocation:**

* **Person 1:** Good A, 1 unit of money
* **Person 2:** Good B, 4 units of money
* **Person 3:** Good C, discarded

**Reasoning:**

This allocation maximizes the total utility of the individuals, while still considering fairness.

* Person 1 receives their highest-valued good (Good A) and an additional unit of money to compensate for not receiving Good B or C. This brings their total utility to 45 + 1 = 46.
* Person 2 receives their highest-valued good (Good B) and a significant amount of money (4 units). This brings their total utility to 40 + 4 = 44.
* Person 3 receives their highest-valued good (Good C). However, since their value for Good B is very low (5), it is more efficient to discard it rather than allocate it to them. The money available is enough to compensate them for the lack of Good A and B, bringing their total utility to 45.

This allocation ensures that all individuals receive a fair share of the available goods and money, while maximizing the overall utility.",1,2,3,1,4,0
55,"**Allocation:**

* **Good A:** Person 3
* **Good B:** Person 2
* **Good C:** Person 1

**Monetary Allocation:**

* **Person 1:** 1 unit
* **Person 2:** 2 units
* **Person 3:** 2 units

**Reasoning:**

This allocation aims to maximize the total value obtained by all three individuals.

* Person 3 values Good A the most (50), so allocating it to them provides the highest value for that good.
* Person 2 values Good B the most (40), so allocating it to them provides the highest value for that good.
* Person 1 values Good C the most (25), so allocating it to them provides the highest value for that good.

The allocation of money is used to offset the differences in value.

* Person 1 receives 1 unit of money to compensate for the lower value of Good C they receive (25 vs. the 30 value of Good B).
* Person 2 receives 2 units of money to compensate for the slightly lower value of Good A they receive (35 vs. the 45 value of Good A).
* Person 3 receives 2 units of money to compensate for the very low value of Good B they receive (5 vs. the 25-30 value of the other goods).

This allocation results in the following total values for each individual:

* Person 1: 45 (Good C) + 1 (money) = 46
* Person 2: 40 (Good B) + 2 (money) = 42
* Person 3: 50 (Good A) + 2 (money) = 52

This ensures that Person 3 receives the highest total value, but all three individuals receive a fair allocation based on their preferences.",3,2,1,1,2,2
56,"**Allocation:**

* **Person 1:** Good C (25), 1 unit of money (25)
* **Person 2:** Good A (45), 3 units of money (75)
* **Person 3:** Good B (5), 1 unit of money (25)

**Rationale:**

This allocation aims to maximize the total value obtained by all individuals, taking into account both the values of the goods and the money.

* Person 1 receives Good C, which they value the most, and 1 unit of money to compensate for not receiving Good B.
* Person 2 receives Good A, which they value more than the other goods, and 3 units of money to supplement their value for Good C.
* Person 3 receives Good B, which they value the least, but they receive a substantial amount of money (1 unit) to compensate for this.

This allocation ensures that each individual receives a combination of goods and money that is worth the most to them. It also ensures that the limited amount of money available is distributed fairly.",2,3,1,1,3,1
57,"**Proposed Allocation:**

* **Person 1:**
    * Good A
    * 1 unit of money
* **Person 2:**
    * Good B
    * 2 units of money
* **Person 3:**
    * Good C
    * 2 units of money

**Rationale:**

This allocation ensures that:

* **Value Maximization:** Each person receives the goods they value the most.
* **Equity:** Each person receives a similar total value of goods and money.
    * Person 1: 45 (Good A) + 1 (money) = 46
    * Person 2: 40 (Good B) + 2 (money) = 42
    * Person 3: 45 (Good C) + 2 (money) = 47
* **Efficient Money Allocation:** The money is used to bridge the value gap between the goods.
    * Person 1 values Good A more than Good B or C, so they receive a unit of money to compensate.
    * Person 2 values Good B more than Good A or C, so they receive 2 units of money.
    * Person 3 values Good C more than Good A or B, but they already receive a higher value of goods, so they receive a slightly smaller amount of money.

Overall, this allocation aims to create a fair distribution of goods and money while also taking into account the individual values and needs of the recipients.",1,2,3,1,2,2
58,"**Allocation:**

* Person 1: Good A, 1 unit of money
* Person 2: Good B, 2 units of money
* Person 3: Good C, 2 units of money

**Rationale:**

This allocation maximizes the total value received by all three individuals.

* Person 1: 45 (Good A) + 1 (money) = 46
* Person 2: 40 (Good B) + 2 (money) = 42
* Person 3: 45 (Good C) + 2 (money) = 47

The allocation also ensures that each person receives at least one good or a combination of goods and money that is equivalent in value to one good.

* Person 1: Good A (45) = 45
* Person 2: Good B (40) + 2 (money) = 40 + (2 * 1) = 42
* Person 3: Good C (45) + 2 (money) = 45 + (2 * 1) = 47",1,2,3,1,2,2
59,"Allocate Good A to Person 3, Good B to Person 2, Good C to Person 1, and the money as follows: 2 units to Person 1, 1 unit to Person 2, and 2 units to Person 3.",3,2,1,2,1,2
60,"**Allocation:**

* **Person 1:**
    * Good A
    * 2 units of money
* **Person 2:**
    * Good B
    * 3 units of money
* **Person 3:**
    * Good C

**Total Value:**

* Person 1: 45 (Good A) + 2 (Money) = 47
* Person 2: 40 (Good B) + 3 (Money) = 43
* Person 3: 45 (Good C) = 45

**Justification:**

This allocation maximizes the sum of the values obtained by each individual. The total value of the allocation is 135, which is the highest possible sum. It also ensures that each person receives at least 43 units of value, which is the average value of the goods and money available.",1,2,3,2,3,0
61,"**Allocation:**

* **Person 1:** Good A, 2 units of money
* **Person 2:** Good B, 3 units of money
* **Person 3:** Good C, no money

**Rationale:**

This allocation gives each person goods that they value highly. Person 1 receives Good A, which they value most (45). Person 2 receives Good B, which they value more than Person 1 (40 vs. 30). Person 3 receives Good C, which they value most (45).

The allocation also ensures that the total value of goods and money received by each person is roughly equal. Person 1 receives 47 units of value (45 from Good A, 2 from money). Person 2 receives 43 units of value (40 from Good B, 3 from money). Person 3 receives 50 units of value (45 from Good C, 5 from money).

This allocation is not perfect, as Person 3 receives significantly less money than the other two individuals. However, it is a fair allocation that takes into account the different values that individuals place on the goods and money available.",1,2,3,2,3,0
62,"**Allocation:**

* **Good A:** Person 1
* **Good B:** Person 2
* **Good C:** Person 3
* **Money (2 units):** Person 3
* **Money (3 units):** Person 1

**Justification:**

This allocation attempts to maximize the total value allocated to the individuals while considering their preferences and the available resources.

* Person 1 receives Good A, which is his most valued item. He also receives 3 units of money to compensate for not receiving Good B.
* Person 2 receives Good B, which is his most valued item.
* Person 3 receives Good C, which is her most valued item. She also receives 2 units of money to compensate for not receiving Good A or B.

The remaining 3 units of money are allocated to Person 1 to balance out the total value received by each individual. This allocation results in the following total values for each person:

* Person 1: 45 + 3 = 48 units
* Person 2: 40 + 0 = 40 units
* Person 3: 45 + 2 = 47 units

While this allocation may not be perfectly equal, it takes into account individual preferences, maximizes the total value allocated, and distributes the available resources fairly.",1,2,3,3,0,2
63,"**Allocation:**

* **Person 1:** Good A, 2 units of money
* **Person 2:** Good B, 3 units of money
* **Person 3:** Good C, no money

**Justification:**

This allocation considers both the individuals' preferences for the goods and the available units of money.

* Person 1 values Good A the highest (45), so they receive it. They also receive 2 units of money to compensate for receiving a slightly less valuable good than Person 3.
* Person 2 values Good B the highest (40), so they receive it. They receive 3 units of money to compensate for not receiving Good C, which they also valued at 25.
* Person 3 values Good C the highest (45), so they receive it. They receive no money because they receive the most valuable good.

This allocation results in the following total values for each person:

* Person 1: 45 + 2 = 47
* Person 2: 40 + 3 = 43
* Person 3: 45 + 0 = 45

This allocation is relatively fair because it gives each individual a close approximation of their highest value item, while also considering the limited availability of money.",1,2,3,2,3,0
64,"- Allocate Good A to Person 3.
- Allocate Good B to Person 2.
- Allocate Good C to Person 1.
- Allocate 1 unit of money to Person 1.
- Allocate 2 units of money to Person 2.
- Allocate 2 units of money to Person 3.",3,2,1,1,2,2
65,"**Allocation:**

* Person 1: Good A, 2 units of money
* Person 2: Good B, 3 units of money
* Person 3: Good C

**Rationale:**

This allocation maximizes the total value received by the individuals:

* Person 1 receives a total value of 45 (Good A) + 2 (money) = 47.
* Person 2 receives a total value of 40 (Good B) + 3 (money) = 43.
* Person 3 receives a total value of 45 (Good C) = 45.

**Total value:** 135

This allocation also considers the preferences of each individual. Person 1 values Good A the highest, Person 2 values Good B the highest, and Person 3 values Good C the highest. Therefore, each person receives the good they prefer the most.

Additionally, the allocation evenly distributes the money available. Each person receives either 2 or 3 units of money, which is within a close range of the total amount available.",1,2,3,2,3,0
66,"**Allocation:**

* **Person 1:** Good A, 2 units of money
* **Person 2:** Good B, 3 units of money
* **Person 3:** Good C

**Explanation:**

This allocation is fair because it maximizes the total utility of the individuals involved.

* Person 1 receives their preferred Good A and a significant amount of money (2 units), which they value the same as an additional good.
* Person 2 receives their preferred Good B and most of the remaining money (3 units), which they value the same as another good.
* Person 3 receives their preferred Good C and the remainder of the money (0 units). While they value Good C the most, they also value money the least, making this allocation still equitable.

**Total Utility:**

* Person 1: 45 (Good A) + 2 x 25 (Money) = 95
* Person 2: 40 (Good B) + 3 x 25 (Money) = 140
* Person 3: 45 (Good C) + 0 (Money) = 45

Overall, this allocation results in the highest total utility for all three individuals (280).",1,2,3,2,3,0
67,"**Allocation:**

* Good A: Person 3
* Good B: Person 2
* Good C: Person 1
* Money:
    * 2 units to Person 3
    * 3 units to Person 1

**Explanation:**

This allocation aims to balance the total value received by each individual, considering both goods and money.

* **Person 1:** Receives Good C (value 25) and 3 units of money (value 30). Total value: 55
* **Person 2:** Receives Good B (value 40) and no money. Total value: 40
* **Person 3:** Receives Good A (value 50) and 2 units of money (value 20). Total value: 70

This allocation ensures that Person 1 has the highest total value received, followed by Person 3, and then Person 2. It also allocates all the available goods and money.",3,2,1,3,0,2
68,"**Allocation**

* Person 1: Good A, 2 units of money
* Person 2: Good B, 3 units of money
* Person 3: Good C, 1 unit of money (or throw it away)

**Rationale**

This allocation maximizes the total value obtained by the individuals involved.

* Person 1 receives Good A, which they value at 45, and 2 units of money, which they value at 2.
* Person 2 receives Good B, which they value at 40, and 3 units of money, which they value at 3.
* Person 3 receives Good C, which they value at 45, and 1 unit of money, which they value at 1.

**Total value:**

* Person 1: 45 + 2 = 47
* Person 2: 40 + 3 = 43
* Person 3: 45 + 1 = 46

**Total:** 136

No other allocation can achieve a higher total value. For example, if Person 3 received Good A instead, they would receive 50 in value, but Person 1 would only receive 30 for Good B, resulting in a lower total value of 130.",1,2,3,2,3,1
69,"**Allocation:**

* Person 1: Good A and 1 unit of money
* Person 2: Good B and 2 units of money
* Person 3: Good C and 2 units of money

**Explanation:**

This allocation results in the highest total value for all individuals, which is 150 units. It also provides each individual with their most preferred good and an equal amount of money.

* Person 1 values Good A the highest and receives it, along with 1 unit of money.
* Person 2 values Good B the highest and receives it, along with 2 units of money.
* Person 3 values Good C the highest and receives it, along with 2 units of money.

The money allocation ensures that all individuals have an additional value of 2 units, which compensates for any differences in their valuations of the goods.

This allocation satisfies the criteria of fairness by providing each individual with their most preferred good and an equal amount of additional value in the form of money.",1,2,3,1,2,2
70,"**Allocation:**

* **Person 1:** Good A, 2 units of money
* **Person 2:** Good B, 3 units of money
* **Person 3:** Good C, discarded

**Reasoning:**

This allocation achieves the highest total value for the individuals involved.

* Person 1's value for Good A (45) is higher than either Person 2 or Person 3's value for any of the goods (35 and 50, respectively).
* Person 2's value for Good B (40) is higher than their value for Good A (35) and comparable to Person 3's value for Good C (45). However, Good B is indivisible and cannot be shared, so allocating it to Person 2 maximizes their value.
* Person 3's value for Good C (45) is higher than their value for Good B (5). However, Good C is allocated to Person 1 because their value for Good A (45) is equal to Person 3's value for Good C, and Person 1 also receives 2 units of money that increase their overall value.
* Disposing of Good C allows us to allocate 3 units of money to Person 2, which compensates them for not receiving Good C and ensures that their total value is higher than if they had received Good C instead of money.

This allocation ensures that each individual receives a combination of goods and money that maximizes their total value, while also discarding an indivisible good that could not be allocated fairly.",1,2,None,2,3,0
71,"**Allocation:**

* **Person 1:** Good A (45), 0 units of money
* **Person 2:** Good B (40), 1 unit of money
* **Person 3:** Good C (45), 4 units of money

**Rationale:**

This allocation maximizes the total utility for all three individuals, taking into account both goods and money.

* Person 1 receives their most valuable good (A) and no money. This gives them a total utility of 45.
* Person 2 receives their second most valuable good (B) and one unit of money. Since the money is equivalent in value to a good, this gives them an additional utility of 40. Their total utility is 80.
* Person 3 receives their most valuable good (C) and four units of money. This gives them an additional utility of 4 x 5 = 20. Their total utility is 65.

Therefore, this allocation maximizes the overall utility and is considered fair to all three individuals.",1,2,3,0,1,4
72,"Person 1: Good A, 2 units of money
Person 2: Good B, 3 units of money
Person 3: Good C, 5 units of money",1,2,3,2,3,5
73,"**Allocation:**

* **Person 1:** Good A, 2 units of money
* **Person 2:** Good B, 2 units of money
* **Person 3:** Good C, 1 unit of money

**Rationale:**

This allocation strives for fairness by considering both the value each person places on the goods and the monetary resources available.

* Person 1 receives Good A, which they value highly (45), and an additional 2 units of money to compensate for not receiving the other goods.
* Person 2 receives Good B, their most preferred good (40), and 2 units of money to further enhance their benefit.
* Person 3 receives Good C, their second-most preferred good (45), and 1 unit of money to help offset the lower value they place on Good B (5).

**Total Value:**

* Person 1: Good A (45) + Money (2) = 47
* Person 2: Good B (40) + Money (2) = 42
* Person 3: Good C (45) + Money (1) = 46

This allocation ensures that all individuals receive a fair share of the value, with each person receiving goods and/or money that approximates their individual valuations. Furthermore, it uses all available resources efficiently, allocating the money to those who would benefit most from its additional value.",1,2,3,2,2,1
74,"**Allocation:**

* Person 1: Good A, 1 unit of money
* Person 2: Good B, 2 units of money
* Person 3: Good C, 2 units of money

**Explanation:**

This allocation maximizes the total utility of the individuals while ensuring fairness. It gives each individual their most preferred good without exceeding the available resources.

* Person 1 prefers Good A over Good B and C, and their value for Good A (45) is the highest among all goods. Giving them Good A and 1 unit of money ensures they receive a total value of 50.
* Person 2 prefers Good B over Good A and C, and their value for Good B (40) is the highest among all goods. Allocating Good B and 2 units of money gives them a total value of 45.
* Person 3 prefers Good C over Good A and B, and their value for Good C (45) is the highest among all goods. Awarding them Good C and 2 units of money results in a total value of 50.

The remaining 1 unit of money can be discarded or used to further improve the allocation, but it does not significantly alter the fairness or efficiency of the allocation.",1,2,3,1,2,2
75,"**Proposed allocation:**

* **Person 1:** Good B (value = 30) + 1 unit of money
* **Person 2:** Good A (value = 35) + 2 units of money
* **Person 3:** Good C (value = 45) + 2 units of money

**Rationale:**

This allocation ensures that each person receives goods and/or money that is equal in value to their highest-valued good (rounded down to the nearest integer):

* Person 1: Good B + 1 unit of money = 30 + 1 = 31
* Person 2: Good A + 2 units of money = 35 + 2 = 37
* Person 3: Good C + 2 units of money = 45 + 2 = 47

This allocation also distributes the remaining money fairly, with each person receiving 1 or 2 units. It is a compromise between the egalitarian principle (equal value for all) and the principle of giving each person their most preferred good.",2,1,3,1,2,2
76,"**Allocation:**

* Person 1: Good A, 2 units of money
* Person 2: Good B, 3 units of money
* Person 3: Good C, throw away Good A (worth 45), receive 4 units of money

**Rationale:**

This allocation is fair because it maximizes the total value received by the individuals.

* Person 1 receives a total value of 45 (Good A) + 2 = 47.
* Person 2 receives a total value of 40 (Good B) + 3 = 43.
* Person 3 receives a total value of 45 (Good C) + 4 = 49.

Note that discarding Good A is justified because Person 3 values it less than the other goods (only 45). Additionally, giving them 4 units of money allows them to obtain Good B or Good C, which they value higher than Good A.",1,2,3,2,3,4
77,"Allocate Good A to Person 3, Good B to Person 2, Good C to Person 1, and 2 units of money to Person 3.",3,2,1,0,0,2
78,"**Allocation:**

* Person 1: Good A, 2 units of money
* Person 2: Good B, 3 units of money
* Person 3: Good C, Not allocated

**Rationale:**

This allocation maximizes the total value derived by all individuals, while also aiming for equity in the distribution of resources.

* **Person 1:** Receives a good worth 45 units of value and 2 units of money worth 10 units of value, for a total of 55 units of value.
* **Person 2:** Receives a good worth 40 units of value and 3 units of money worth 15 units of value, for a total of 55 units of value.
* **Person 3:** Receives a good worth 45 units of value. Since they have a relatively low value for Good B, it is not allocated to them. Instead, they do not receive any monetary compensation.

**Explanation:**

This allocation ensures that both Person 1 and Person 2 receive an equal total value of 55 units. It also recognizes that Person 3 highly values Good C, so it is allocated to them. The remaining units of money are allocated to Person 1 and Person 2 to compensate for not receiving their preferred goods.

While Good B could have been allocated to Person 3 as well, the allocation above ensures a more equitable distribution of value among all individuals, while still respecting their preferences.",1,2,3,2,3,0
79,"**Allocation:**

* **Person 1**: Good A, 1 unit of money
* **Person 2**: Good B, 2 units of money
* **Person 3**: Good C, 2 units of money

**Justification:**

This allocation aims to maximize the total value allocated to all individuals while also considering their individual preferences.

* **Person 1:** Receives the good they value the most (Good A) and an additional unit of money to compensate for not receiving Good B.
* **Person 2:** Receives the good they value the most (Good B) and an additional 2 units of money to compensate for not receiving Good A.
* **Person 3:** Receives the good they value the most (Good C) and an additional 2 units of money to compensate for not receiving Good A and having a lower value for Good B.

**Total Value Allocated:**

* Person 1: Good A (45) + 1 unit of money (1) = 46
* Person 2: Good B (40) + 2 units of money (2) = 42
* Person 3: Good C (45) + 2 units of money (2) = 47

**Total:** 135

This allocation results in a higher total value allocated compared to other possible alternatives. It also ensures that each individual receives at least one good and an amount of money that compensates for not receiving their other preferred goods.",1,2,3,1,2,2
80,"- **Person 1:** Good C, 1 unit of money.
- **Person 2:** Good B, 2 units of money.
- **Person 3:** Good A, 2 units of money.",3,2,1,1,2,2
81,"**Allocation:**

* Person 1: Good A (value: 45) + 2.5 units of money
* Person 2: Good B (value: 40) + 2.5 units of money
* Person 3: Good C (value: 45)

**Reasoning:**

This allocation aims to balance fairness and efficiency.

* **Fairness:** Each person receives a good that they value highly, ensuring that their preferences are prioritized.
* **Efficiency:** The goods are allocated to the individuals who value them the most. The total value of the goods received by each person is:
    * Person 1: 45 (Good A) + 2.5 (money) = 47.5
    * Person 2: 40 (Good B) + 2.5 (money) = 42.5
    * Person 3: 45 (Good C) = 45
* **Monetary Compensation:** The remaining money is distributed equally between Person 1 and Person 2 to compensate for their lower value for the allocated goods.

This allocation ensures that each person receives a bundle of goods and money that they value at least as much as any other allocation. It also maximizes the overall value of the goods allocated.",1,2,3,2.5,2.5,0
82,"I propose the following allocation:
**Good A**: To Person 3.
**Good B**: To Person 2.
**Good C**: To Person 1, along with 2.5 units of money.
**Money**: The remaining 2.5 units of money are allocated to Person 3.

**Explanation:**
This allocation has a total value of 120 for the three individuals:
- Person 1: 25 (Good C) + 2.5 (Money) = 27.5
- Person 2: 40 (Good B) = 40
- Person 3: 50 (Good A) + 45 (Good C) + 2.5 (Money) = 122.5

All individuals receive a fair share of the goods and money, as determined by their valuations. Person 3 receives the most value, as they have the highest valuation for two of the goods. However, Person 1 and Person 2 also receive a fair share, with Person 1 receiving the good they value the most (Good C) along with additional money, and Person 2 receiving the good they value the most (Good B).",3,2,1,2.5,0,2.5
83,"**Allocation:**

* **Person 1:** Good A, 2 units of money
* **Person 2:** Good B, 3 units of money
* **Person 3:** Good C

**Rationale:**

This allocation ensures that each person receives a good they value the most. Person 1 values Good A the highest, Person 2 values Good B the highest, and Person 3 values Good C the highest.

It also ensures that the value they receive is roughly equal. Person 1 receives a total value of 47 (Good A = 45 + Money = 2), Person 2 receives a total value of 43 (Good B = 40 + Money = 3), and Person 3 receives a total value of 45 (Good C = 45).

Moreover, it is the only allocation that ensures that no one receives a good they value less than 25, while keeping the total amount of money allocated within the limit of 5 units.",1,2,3,2,3,0
84,"- Give Good A to Person 3.
- Give Good B to Person 2.
- Give Good C to Person 1.
- Give 3 units of money to Person 1.
- Give 2 units of money to Person 3.",3,2,1,3,0,2
85,"**Allocation:**

* **Person 1:** Good A, 1 unit of money
* **Person 2:** Good B, 4 units of money
* **Person 3:** Good C

**Justification:**

This allocation achieves a balance between the three individuals' values for the goods.

* **Person 1:** Gets their highest-valued good (Good A) and a unit of money to compensate for the lower value of Good C.
* **Person 2:** Gets their second-highest-valued good (Good B) and a higher amount of money to compensate for the lower value of Good A.
* **Person 3:** Gets their highest-valued good (Good C) but receives no money due to its already high value relative to Goods A and B.

The total value of the allocation for each person is:

* **Person 1:** 45 (Good A) + 1 (money) = 46
* **Person 2:** 40 (Good B) + 4 (money) = 44
* **Person 3:** 45 (Good C) = 45

This allocation ensures that all three individuals receive a fair share of value, while also considering their individual preferences.",1,2,3,1,4,0
86,"**Allocation:**

* **Person 1:**
    * Good A
* **Person 2:**
    * Good B
    * 2 units of money
* **Person 3:**
    * Good C
    * 3 units of money

**Reasoning:**

This allocation maximizes the total value of the goods and money allocated to the individuals.

* Person 1's total value is 45 (Good A) + 0 (no money) = 45.
* Person 2's total value is 40 (Good B) + 2 (money) = 42.
* Person 3's total value is 45 (Good C) + 3 (money) = 48.

This allocation also ensures that all individuals receive a benefit, as each person receives at least one good or an equivalent amount of money. Additionally, this allocation minimizes the difference in total value received by the individuals, as the difference between the highest and lowest total value is only 6 units.",1,2,3,0,2,3
87,"**Allocation:**

* Person 1:
    * Good A
* Person 2:
    * Good B
    * 2 units of money
* Person 3:
    * Good C
    * 3 units of money

**Rationale:**

This allocation ensures that all three individuals receive a good that they value highly. It also distributes the available monetary resources fairly, giving Person 2 and Person 3 a share that compensates for the lower value of the goods they receive compared to Person 1.

**Explanation:**

* Person 1 receives Good A, which has their highest value of 45.
* Person 2 receives Good B, which has their highest value of 40. They also receive 2 units of money, which has a value of 40/5 * 2 = 16 for them. Their total value from this allocation is 40 + 16 = 56.
* Person 3 receives Good C, which has their highest value of 45. They also receive 3 units of money, which has a value of 45/5 * 3 = 27 for them. Their total value from this allocation is 45 + 27 = 72.

Overall, this allocation results in the following values for each individual:

* Person 1: 45
* Person 2: 56
* Person 3: 72

While Person 3 receives a slightly higher total value, this is justified by the fact that they have a higher valuation for Good C than the other individuals. Therefore, this allocation can be considered fair as it balances the value of goods and monetary resources received by each individual.",1,2,3,0,2,3
88,"**Allocation:**

* **Person 1:** Good A, 1 unit of money
* **Person 2:** Good B, 2 units of money
* **Person 3:** Good C, 2 units of money

**Explanation:**

This allocation maximizes the total value across all individuals:

* Person 1: 45 (Good A) + 1 (money) = 46
* Person 2: 40 (Good B) + 2 (money) = 42
* Person 3: 45 (Good C) + 2 (money) = 47

**Total value:** 46 + 42 + 47 = 135

This allocation is also considered fair because it gives each person a good that they value highly and an amount of money that offsets their lower value for the other two goods.

* Person 1 values Good A the most and gets Good A.
* Person 2 values Good B the most and gets Good B.
* Person 3 values Good C the most and gets Good C.

Additionally, the allocation distributes the money in a way that helps compensate for any remaining imbalances in value. Person 1 gets an extra unit of money to make up for their lower value for Good B and Good C. Person 2 gets two units of money to make up for their lower value for Good A. Person 3 does not get any money as they already have the highest value for one of the goods.",1,2,3,1,2,0
89,"**Allocation:**

- Person 1: Good A, Good C, 2 units of money
- Person 2: Good B, 3 units of money
- Person 3: 5 units of money

**Explanation:**

This allocation satisfies the following fairness criteria:

* **Equity:** Each person receives a fair share of the goods and money based on their individual valuations.
* **Efficiency:** All goods are allocated to individuals who value them the most, resulting in the highest total utility.
* **Incentive compatibility:** No person has an incentive to misrepresent their valuations, as they would not receive a more favorable allocation.

**Justification:**

* Person 1 receives Good A (value: 45) and Good C (value: 25), which are their most preferred goods. They also receive 2 units of money to compensate for not receiving Good B.
* Person 2 receives Good B (value: 40), their most preferred good. They receive 3 units of money, which is equivalent to the value of Good C.
* Person 3 receives 5 units of money, which is equivalent to the value of both Good A and Good C. They are not allocated any goods because they value Good B much less than the other two individuals.

This allocation maximizes the total utility of the three individuals:

- Person 1: Utility = 45 (Good A) + 25 (Good C) + 2 (Money) = 72
- Person 2: Utility = 40 (Good B) + 3 (Money) = 43
- Person 3: Utility = 5 (Money) = 5

Total Utility = 72 + 43 + 5 = 120",1,2,1,2,3,5
90,"* Person 1 receives Good A (value: 45) and 2 units of money (value: 20)
* Person 2 receives Good B (value: 40) and 1 unit of money (value: 10)
* Person 3 receives Good C (value: 45) and 2 units of money (value: 20)",1,2,3,2,1,2
91,"Allocate Good A to Person 3, Good B to Person 2, Good C to Person 1, and 3 units of money to Person 3 and 2 units of money to Person 1.",3,2,1,2,0,3
92,"**Allocation:**

* Person 1: Good A, Good C
* Person 2: Good B, 2 units of money
* Person 3: 3 units of money

**Rationale:**

This allocation maximizes the sum of the values each person receives from the goods and money they are allocated.

* Person 1 receives goods worth 45 + 25 = 70.
* Person 2 receives goods and money worth 40 + 2*1 = 42.
* Person 3 receives money worth 3*1 = 3.

The total value received is 70 + 42 + 3 = 115, which is higher than any other possible allocation.

This allocation also considers the different preferences of each person. Person 1 values Good A more than the others, so they receive it. Person 2 values Good B the most, so they receive it. Person 3 values Good C highly, but they value money even more, so they receive a large amount of money instead.",1,2,1,0,2,3
93,"**Allocation:**

**Person 1:** Good A (45), Good C (25), 2 units of money
**Person 2:** Good B (40), 3 units of money
**Person 3:** Good A (50), 0 units of money

**Justification:**

This allocation strives for fairness by maximizing the total social utility, which is the sum of the values each person places on the goods they receive.

* **Person 1:** Values Good A the highest, so they receive it. They also get Good C, which they value more than Person 2. To compensate for not getting Good B, they receive 2 units of money.
* **Person 2:** Values Good B the highest, so they receive it. They value Good C the same as Person 1, but they get 3 units of money instead to compensate for not getting Good A.
* **Person 3:** Values Good A highest, followed by Good C. They receive Good A and 0 units of money since they value Good B the least out of all three individuals.

This allocation ensures that:

* Everyone receives at least one good they value highly.
* Everyone's total value (goods and money) is roughly equal.
* No good is wasted (all goods are allocated).",1,2,1,2,3,0
94,"**Allocation:**

* **Person 1:** Good A and 3 units of money
* **Person 2:** Good B
* **Person 3:** Good C and 2 units of money

**Explanation:**

This allocation maximizes the total value received by the individuals, considering both goods and money.

* **Person 1:** Value of Good A: 45 + Value of Money: 3 x 1 = 48
* **Person 2:** Value of Good B: 40
* **Person 3:** Value of Good C: 45 + Value of Money: 2 x 1 = 47

Total value: 48 + 40 + 47 = 135

This allocation also ensures that each person receives a good and a significant amount of money, which helps to balance the distribution of resources.",1,2,3,3,0,2
95,"**Allocation:**

* **Person 1:** Good A, 1 unit of money
* **Person 2:** Good B, 2 units of money
* **Person 3:** Good C, 2 units of money

**Reasoning:**

This allocation ensures that each person receives a good and money that, in their opinion, is equivalent to the value of the good they received.

* Person 1 receives Good A, which they value at 45, and 1 unit of money, which they value at 45 as well.
* Person 2 receives Good B, which they value at 40, and 2 units of money, which they value at 40 as well.
* Person 3 receives Good C, which they value at 45, and 2 units of money, which they value at 10 (since they value $1 of money as much as $5 of Good C).

This allocation results in the highest total value obtained by the individuals, which is 130 (45+40+45). It is also a fair allocation because it takes into account the preferences and values of each individual.",1,2,3,1,2,2
96,"**Allocation:**

* **Good A:** Person 3
* **Good B:** Person 2
* **Good C:** Person 1
* **Money:**
    * Person 1: 0 units
    * Person 2: 2 units
    * Person 3: 3 units

**Rationale:**

This allocation maximizes the **total value** of the goods and money received by the individuals:

* Person 1: 25 (Good C) + 0 (Money) = 25
* Person 2: 40 (Good B) + 2 (Money) = 42
* Person 3: 50 (Good A) + 3 (Money) = 53

It also ensures that **everyone receives at least one good** they value highly:

* Person 1: Good C (value 25)
* Person 2: Good B (value 40)
* Person 3: Good A (value 50)

Additionally, the allocation of money is used to **compensate for any differences in value** between the goods assigned:

* Person 1 receives no money because they received the Good with the lowest value assigned to them (Good C).
* Person 2 receives 2 units of money to compensate for receiving Good B (value 40) instead of Good A (value 35).
* Person 3 receives 3 units of money to compensate for receiving Good A (value 50) instead of Good B (value 5).

This allocation considers both the **total value** and **individual preferences**, resulting in a fair distribution of goods and resources.",3,2,1,0,2,3
97,"**Allocation:**

* Good A: Person 3
* Good B: Person 2
* Good C: Person 1
* Money:
    * Person 1: 1 unit
    * Person 2: 2 units
    * Person 3: 2 units

**Rationale:**

This allocation ensures that each person receives at least one good that they value highly. Person 1 receives Good C, which they value at 25 (highest value among the three goods). Person 2 receives Good B, which they value at 40 (highest value). Person 3 receives Good A, which they value at 50 (highest value).

The allocation of money is used to compensate for the fact that not everyone receives their second or third most preferred good. Person 1 receives 1 unit of money to compensate for not receiving Good A (they would rather have Good A than the money). Person 2 receives 2 units of money to compensate for not receiving Good A or Good C (they value Good A at 35 and Good C at 25). Person 3 receives 2 units of money to compensate for not receiving Good B (they value Good B at 5).

This allocation balances the interests of all three individuals and results in a fair outcome where everyone receives value in the form of goods or money.",3,2,1,1,2,2
98,"**Allocation:**

* **Person 1:** Good A (value: 45), 2 units of money (value: 40)
* **Person 2:** Good B (value: 40), 3 units of money (value: 60)
* **Person 3:** Good C (value: 45), no money (value: 0)

**Explanation:**

This allocation maximizes the total value received by the individuals, while also ensuring fairness by giving each person a good that they value highly.

* **Person 1** receives their most preferred good (Good A) and a fair amount of money.
* **Person 2** receives their second-most preferred good (Good B) and a slightly higher amount of money.
* **Person 3** receives their most preferred good (Good C) and no money, but they value this good significantly higher than the money.

Overall, this allocation balances the preferences of all individuals and results in a fair distribution of resources.",1,2,3,2,3,0
99,"**Allocation:**

* Person 1: Good C + 2 units of money
* Person 2: Good B + 1 unit of money
* Person 3: Good A + 2 units of money

**Explanation:**

This allocation maximizes the total value for all individuals, taking into account both the goods and the money.

* Person 1 receives Good C (value 25) and 2 units of money (value 20), for a total value of 45.
* Person 2 receives Good B (value 40) and 1 unit of money (value 10), for a total value of 50.
* Person 3 receives Good A (value 50) and 2 units of money (value 20), for a total value of 70.

The total value for all individuals is 165, which is higher than any other allocation. Additionally, this allocation gives each person a good that they value highly and a reasonable amount of money.",3,2,1,2,1,2
