,Text,Good A,Good B,Good C,Good D
0,"I propose that Person 2 receives Good B, I receive Good A and Good D, and Person 3 receives Good C.

This allocation is fair because it gives each person their most preferred good. Person 2 values Good B the most, I value Good A and Good D the most, and Person 3 values Good C the most. No one would be better off with a different allocation.

Additionally, this allocation is efficient because it gives the goods to the people who value them the most. This means that the goods will be used in the most efficient way possible.",You,2,3,You
1,"I propose that the allocation be as follows:
- Person 2 receives Good A and Good D.
- Person 3 receives Good B and Good C.
- You do not receive any goods.

My reasoning for this allocation is as follows:
- Person 2 values Good A and Good D the most out of all the participants.
- Person 3 values Good B and Good C the most out of all the participants.
- I am willing to forgo receiving any goods in order to ensure that the other participants receive the goods that they value the most.",2,3,3,2
2,"**Proposed Allocation:**

* **Person 2:** Good A (value: 2)
* **Person 3:** Good B (value: 4) and Good D (value: 43)
* **You:** Good C (value: 20)

**Justification:**

This allocation balances the value of the goods among the participants:

* Person 2 receives Good A, which has the lowest value for them but the highest value for you.
* Person 3 receives Good B, which they value the most, and Good D, which has the highest value for them among the remaining goods.
* You receive Good C, which has a high value for you and a low value for the other participants.

This allocation ensures that all participants receive at least one good that they value relatively highly, while also maximizing the total value for all involved.",2,3,You,3
3,"I propose the following allocation:
* Person 2 gets Good A 
* You get Good B 
* Person 3 gets Good C 
* Good D is discarded 

This allocation appears to be fair because it gives each participant the good that they value the most. 
* Person 2 values Good A the most (2) compared to the others (23, 49). 
* You value Good B the most (40) compared to the others (43, 4). 
* Person 3 values Good C the most (4) compared to the others (20, 1). 
* Discarding Good D appears to be fair because it is the least valued good by all participants (17, 54, 43). 

Given the above, it is assumed (hoped) that all participants will agree to the proposed allocation.",2,You,3,None
4,"I propose the following allocation:

* Person 2: Good A
* Person 3: Good B
* You: Good C
* Discard: Good D

Here my reasoning:
I start by giving away the good that has the lowest value for everyone involved, namely Good D, since no one values it more than 54, and indeed Person 3 values it the least with a value of only 43.
The next lowest valued good is Good A, with Person 2 valuing it the most at 2 and Person 3 valuing it at 49 (i.e., most). I allot this good to Person 2 since they value it more than I do (23 versus 2).
Next, Good C is valued most by Person 2 (at 1) and is valued equally by Person 3 and me (both 4). I allocate it to me because I valued Good B higher than Person 3 would have.
Finally, Good B is valued most by me (at 40) and I have not yet received a good. Person 2 values Good B at 43 which is only slightly higher than my value and so I allocate this good to me instead of discarding it.",2,You,You,None
5,"**Proposed Allocation:**

* **Person 2:** Good B, Good D
* **Person 3:** Good A, Good C
* **You:** None

**Justification:**

This allocation is considered fair because:

* **Equitable Distribution:** Each person receives two goods, except for you. This is because Person 2 has a higher value for both Good B and Good D, while Person 3 has a higher value for Good A and Good C.
* **Prioritization of High-Value Goods:** Person 2 receives Good B and Good D, which they value the most. Person 3 receives Good A and Good C, which they also value highly.
* **Maximization of Overall Value:** This allocation maximizes the total value for the group. Person 2's value for Good B and Good D is 97, while Person 3's value for Good A and Good C is 53. Subtracting your value for these goods (0), the net value for the group is 44, which is higher than any other allocation that gives you at least one good.
* **Personal Sacrifice:** While I do not receive any goods in this allocation, I believe it is fair because the other participants receive the goods that they value the most. Additionally, I have the lowest overall value for the four goods, making it more reasonable for me to go without.",3,2,3,2
6,"I propose the following allocation:

* **Person 2:** Good D
* **Person 3:** Good A
* **You:** Good B and Good C

I believe this allocation is fair because it takes into account the values that each person has for the different goods. For example, Person 2 values Good D the most, so they receive that good. Similarly, Person 3 values Good A the most, so they receive that good. I value Good B and Good C the most, so I receive those goods.

This allocation also ensures that everyone receives at least one good. This is important because it ensures that everyone has something to gain from the allocation.

I believe that this allocation is acceptable to the other participants because it is fair and it ensures that everyone receives at least one good.",3,You,You,2
7,"I propose to allocate the goods as follows:

* **Good A:** Person 3
* **Good B:** Person 2
* **Good C:** You
* **Good D:** Person 2

This allocation has the following advantages:

* Each person receives at least one good.
* The total value of the goods received by each person is similar.
* The allocation is acceptable to all participants, as each person receives at least one good that they value more than the other goods.

In more detail:

* Person 3 receives Good A, which they value at 49.
* Person 2 receives Good B, which they value at 43, and Good D, which they value at 54.
* You receive Good C, which you value at 20.

This allocation gives Person 3 a total value of 49, Person 2 a total value of 97, and you a total value of 20. The total value of the goods is 166, so this allocation is relatively fair.",3,2,You,2
8,"**Fair Allocation:**

* **Good A:** Person 3
* **Good B:** You
* **Good C:** Person 2
* **Good D:** Person 2

**Justification:**

This allocation attempts to balance the preferences of all participants by assigning goods to individuals who value them most. Person 3 highly values Good A, so it is allocated to them. You value Good B the most among the participants, so it is allocated to you. Person 2 values Good C and Good D significantly more than the other participants, so they are assigned to them. This allocation aims to maximize the overall utility for all individuals involved and should be acceptable to the other participants.",3,You,2,2
9,"I propose the following allocation:

* Person 2 receives Good A and Good D
* Person 3 receives Good C
* I receive Good B

**Justification:**

I believe this allocation to be fair because it takes into account the varying values that each person places on the different goods.

* Person 2 values Good A and Good D the most, so they receive those goods.
* Person 3 values Good C the most, so they receive that good.
* I value Good B the most, so I receive that good.

This allocation gives each person the good that they value the most, while also ensuring that all goods are allocated to someone who values them. I believe this to be a fair and equitable solution.",2,Me,3,2
10,"**Proposed Allocation:**

* **Person 2:** Good D
* **Person 3:** Good A
* **You:** Good B and Good C

**Justification:**

This allocation maximizes the sum of the values allocated to each person:

* Person 2's value for Good D: 54
* Person 3's value for Good A: 49
* Your value for Good B: 40
* Your value for Good C: 20

Total value: 163

Moreover, this allocation is likely to be acceptable to the other participants because it gives each person a good that they value highly. Person 2 receives the good they value most, Good D. Person 3 receives Good A, which they value second-highest after Good D. You receive the two goods you value most, Good B and Good C.",3,You,You,2
11,"I allocate Good A to Person 3, Good B to Person 2, Good C to me, and Good D to me.

I believe this allocation is fair because it gives each person at least one good that they value highly. Person 3 values Good A the most, so they get that. Person 2 values Good B the most, so they get that. I value Good C the most, so I get that. And I also get Good D because it is the good that I value the second most and it is the only good left.

This allocation also ensures that no one gets a good that they value very little. Person 3 values Good C the least, but they still get Good A, which they value more. Person 2 values Good A and Good D the least, but they still get Good B, which they value more. I value Good A the least, but I still get Good C, which I value more.

Overall, I believe this allocation is fair because it gives everyone a good that they value highly and it ensures that no one gets a good that they value very little.",3,2,You,You
12,"I propose the following allocation:

* **Good A:** Person 2
* **Good B:** You
* **Good C:** Person 3
* **Good D:** Thrown away

Justification:

This allocation maximizes the total value of the goods for all participants. Person 2 values Good A the most, Person 3 values Good C the most, and I value Good B the most. Good D is the least valued good by all participants, so it is discarded. This allocation is mutually beneficial, and I believe it is fair because it takes into account the individual preferences of all participants.",2,You,3,None
13,"**Proposed Allocation:**

* **Person 2:** Good D
* **Person 3:** Good A
* **You:** Good B and Good C

**Justification:**

This allocation ensures that each individual receives goods with a total value that is as close as possible to their average value for all goods.

* **Person 2:** Good D (value: 54) has the highest value for Person 2. This ensures that they receive a good that they value highly.
* **Person 3:** Good A (value: 49) has the highest value for Person 3. Giving them this good provides them with the highest possible value.
* **You:** Good B (value: 40) and Good C (value: 20) have a combined value of 60, which is your average value for all goods. This distribution ensures that you receive a fair share of the total value.

Additionally, this allocation does not require any goods to be discarded, which is desirable as it maximizes the total value allocated.",3,You,You,2
14,"I propose the following allocation:

* Person 2: Good A (value: 2)
* Person 3: Good B (value: 4)
* You: Good C (value: 20) and Good D (value: 17)

This allocation is fair because it gives each person at least one good with a non-zero value. It also takes into account the relative values that each person places on the different goods. For example, Person 2 values Good A more than any other good, so it is allocated to them. Similarly, Person 3 values Good B more than any other good, so it is allocated to them.",2,3,You,You
15,"I propose the following allocation:

* **Good A:** to Person 3
* **Good B:** to Person 2
* **Good C:** to you
* **Good D:** to you

I believe this allocation is fair because it takes into account the value that each person places on each good. For Good A, Person 3 values it the most, so it is allocated to them. For Good B, Person 2 values it the most, so it is allocated to them. For Good C, I value it the most, so it is allocated to me. For Good D, I also value it the most, so it is allocated to me.

I believe that this allocation is also acceptable to the other participants because it gives each person the good that they value the most. Person 2 will be happy to get Good B, which they value the most. Person 3 will be happy to get Good A, which they value the most. And I will be happy to get Goods C and D, which I value the most.",3,2,You,You
16,"**Proposed Allocation:**

* **You:** Good A, Good C
* **Person 2:** Good B
* **Person 3:** Good D

**Justification:**

This allocation aims to balance the total value of goods received by each individual.

* **You:** You receive Goods A and C, which have a total value of 23 + 20 = 43.
* **Person 2:** Person 2 receives Good B, which has a value of 43.
* **Person 3:** Person 3 receives Good D, which has a value of 43.

All three individuals receive goods with approximately equal total value, which ensures fairness in the distribution.

This allocation also takes into account the individuals' preferences. Person 2 highly values Good B, so they receive it. Person 3 highly values Good D, so they receive it. You value Goods A and C more than Goods B and D, so you receive those.

By considering both fairness and individual preferences, this allocation provides a compromise that all parties may find acceptable.",You,2,You,3
17,"I would propose the following allocation:

* Person 2 receives Good A and Good D.
* Person 3 receives Good C.
* I receive Good B.

This allocation is fair because it gives each person the good that they value the most. Person 2 values Good A the most, Person 3 values Good C the most, and I value Good B the most. Additionally, this allocation gives each person a good that they value more than the other two goods.",2,You,3,2
18,"I propose the following allocation:

* Good A to Person 3
* Good B to Person 2
* Good C to You
* Good D to Person 3

This allocation is fair because it gives each person at least one good except Person 2, that has 2 goods. Also, the total value of the goods allocated to each person is relatively similar, with the greatest difference being between the lowest total value (Person 2 with a total of 56) and the highest total value (Person 3 with a total of 96).",3,2,You,3
19,"I propose the following allocation:

* Person 2 receives Good D
* Person 3 receives Good A
* You receive Goods B and C

**Justification:**

This allocation maximizes the total value of the goods for all participants. Person 2 values Good D the most, so they should receive it. Person 3 values Good A the most, so they should receive it. You value Goods B and C the most, so you should receive them.

This allocation is also fair because it gives each person at least one good that they value highly. Person 2 gets Good D, which they value at 54. Person 3 gets Good A, which they value at 49. You get Goods B and C, which you value at 40 and 20, respectively.

I believe that this allocation is acceptable to all participants because it gives each person something that they want. Person 2 gets the good that they value the most. Person 3 gets the good that they value the most. You get the two goods that you value the most.",3,You,You,2
20,"I propose the following allocation:

* Person 2 receives Good A and Good D.
* Person 3 receives Good B.
* I receive Good C.

This allocation is fair because it gives each person the good that they value the most. Person 2 values Good A and Good D the most, Person 3 values Good B the most, and I value Good C the most.

This allocation is also acceptable to the other participants because it gives each person at least one good that they value highly. Person 2 receives Good A, which they value at 2, and Good D, which they value at 54. Person 3 receives Good B, which they value at 4. I receive Good C, which I value at 20.",2,3,You,2
21,"**Proposed Allocation:**

* Person 2: Good A, Good D
* Person 3: Good B, Good C
* You: None

**Justification:**

This allocation ensures that each person receives exactly two goods, with the goods being allocated in a way that maximizes their respective values. Person 2 receives the goods they value the most (Good A and Good D), while Person 3 receives the goods they value the second most (Good B and Good C). This allocation also considers the fact that I do not value Goods A and C very highly (23 and 20, respectively), making it more equitable for me to receive none of the goods while the others receive the goods they value the most.",2,3,3,2
22,"I propose the following allocation:

* **Person 2:** Good A, Good B
* **Person 3:** Good C, Good D
* **You:** None

**Justification:**

This allocation gives Person 2 the goods they value most highly (Good B and Good A), while giving Person 3 the goods they value most highly (Good C and Good D). I do not receive any goods in this allocation, but I am willing to make this sacrifice in order to ensure that the other two participants receive the goods that they value most. I believe that this allocation is fair because it maximizes the total value of the goods received by the participants, and it is an allocation that I believe all participants would find acceptable.",2,2,3,3
23,"**Allocation:**

* **Person 2:** Good B, Good D
* **Person 3:** Good A
* **You:** Good C

**Justification:**

This allocation is fair because it takes into account both the relative values that each person places on the goods and the total value of the goods.

* Person 2 values Good B and Good D the most, so they receive those goods.
* Person 3 values Good A the most, so they receive that good.
* I value Good C the most, so I receive that good.

This allocation also results in the highest total value of goods being allocated, which is 120 (23 + 40 + 43 + 17 = 120).",3,2,You,2
24,"**Proposed Allocation:**

* **You:** Good B
* **Person 2:** Good D
* **Person 3:** Good A, Good C

**Justification:**

This allocation aims to maximize the total value obtained by all participants while also ensuring that each person receives at least one good.

* **Your value:** You receive Good B, which has a value of 40, the highest among the four goods.
* **Person 2's value:** Person 2 receives Good D, which has a value of 54, their most preferred good.
* **Person 3's value:** Person 3 receives both Good A (value of 49) and Good C (value of 4). These are their first and third most preferred goods, respectively.

This allocation ensures that everyone receives at least one good that they value highly. Additionally, it distributes the goods such that the total value obtained by all participants is 40 (for you) + 54 (for Person 2) + 53 (for Person 3) = 147, which is the highest possible total value that can be achieved with this set of goods and preferences.",3,You,3,2
25,"I propose the following allocation:

* **Person 2:** Good B
* **Person 3:** Good A
* **You:** Good C, Good D

**Justification:**

This allocation is fair because it gives each person their most preferred good. Person 2 values Good B the most, Person 3 values Good A the most, and I value Good C and Good D the most. No other allocation would make all three of us better off.

For example, if we gave Good A to Person 2, they would be better off, but Person 3 would be worse off. Similarly, if we gave Good B to Person 3, they would be better off, but Person 2 would be worse off.

The proposed allocation is also efficient because it gives all of the goods to the people who value them the most. This means that there is no way to reallocate the goods to make anyone better off without making someone else worse off.",3,2,You,You
26,"**Proposed Allocation:**

* Person 2: Good B, Good D
* Person 3: Good A, Good C
* You: None

**Justification:**

This allocation aims to maximize the total value received by all participants. Person 2 receives their most highly valued goods, which are Good B and Good D. Person 3 receives their two most highly valued goods, Good A and Good C. Since your values for Good A and Good C are lower than those of Person 2 and Person 3, I decided to allocate these goods to them.

Since you do not receive any goods in this allocation, you may consider it to be unfair. However, this allocation is the most equitable based on the given values. If you were to receive the goods you value most, it would drastically reduce the benefit received by the other participants.",3,2,3,2
27,"**Allocation:**

* **Person 2:** Good D
* **Person 3:** Good A
* **You:** Good B, Good C

**Justification:**

This allocation aims to balance the total value received by each person while also considering their individual preferences.

* Person 2 highly values Good D, and they receive it in full.
* Person 3 values Good A the most, and they receive it.
* You value Good B and Good C more than any other goods, and you receive both.

This allocation results in the following total values:

* Person 2: 54
* Person 3: 49
* You: 63

While you receive the highest total value, it is not significantly higher than Person 3's. Additionally, Person 2 receives a good they highly value, and Person 3 receives their most valued good. Therefore, I believe this allocation is fair and satisfies the values of all three individuals.",3,You,You,2
28,"**Proposed Allocation:**

* Person 2: Good B
* Person 3: Good A
* You: Good C, Good D

**Justification:**

This allocation seems fair to me and considers everyone's values for the goods:

* Person 2 receives Good B, which is their highest-valued good.
* Person 3 receives Good A, which is their highest-valued good and helps balance out the allocation since they value the other goods relatively low.
* I receive both Good C and Good D, which are mid-range in value for me but higher than their values for Person 2 and Person 3. This ensures that I receive a fair share considering the value I place on the goods.

This allocation ensures that everyone receives at least one good they value highly, while also considering the relative values of the goods for each person.",3,2,You,You
29,"I propose the following allocation:

* Person 2 receives Good D
* Person 3 receives Good A
* You receive Good B and Good C

This allocation is fair because it gives each person their most preferred good. Person 2 values Good D the most, Person 3 values Good A the most, and I value Good B and Good C the most. No one would be better off if we reallocated the goods in any other way.",3,You,You,2
30,"**Allocation:**

* Person 2: Good A, Good D
* Person 3: Good B, Good C
* You: None

**Justification:**

This allocation balances the total value received by each participant:

* Person 2: 2 + 54 = 56
* Person 3: 4 + 4 = 8
* You: 0

This allocation also ensures that each participant receives their highest-valued good:

* Person 2: Good D (54)
* Person 3: Good B (4)
* You: None (since your highest-valued good is Good B, which is allocated to Person 3)

Furthermore, this allocation minimizes the amount of goods that are thrown away. By giving Good A to Person 2 and Good B to Person 3, we avoid throwing away any goods that have a positive value to the participants.",2,3,3,2
31,"I propose the following allocation:

* Person 2 receives Good A and Good D.
* Person 3 receives Good B.
* You receive Good C.

This allocation is fair because it gives each person the goods that they value the most. Person 2 values Good A and Good D the most, Person 3 values Good B the most, and you value Good C the most. No one is forced to accept a good that they don't want, and everyone gets at least one good that they value.",2,3,You,2
32,"I propose the following allocation: 
- Good A to Person 3
- Good B to Person 2
- Good C to me
- Good D to Person 2

This allocation is fair because it gives each person the good that they value the most. Person 3 values Good A the most, Person 2 values Good B the most, I value Good C the most, and Person 2 also values Good D the most. I believe that this allocation is acceptable to all participants because it gives each person what they want most.",3,2,Me,2
33,"I propose the following allocation:
- Good A to Person 3
- Good B to Person 2
- Good C to me
- Good D to Person 2

This allocation maximizes the total value of the goods to all participants. Person 3 values Good A the most, Person 2 values Good B the most, I value Good C the most, and Person 2 values Good D the most. By allocating the goods in this way, we ensure that each person receives the good that they value the most.

The total value of the goods under this allocation is 23 + 43 + 20 + 54 = 140. This is the highest possible total value that can be achieved, given the values of the goods to the different participants.

I believe that this allocation is fair because it takes into account the preferences of all participants and results in the highest possible total value. I think that Person 2 and Person 3 would agree to this allocation because it gives them the goods that they value the most.",3,2,You,2
34,"I propose the following allocation:
- Person 2 receives Good D
- Person 3 receives Good A
- You receive Good B and Good C

I believe this allocation is fair because it gives each person the good that they value the most. Person 2 values Good D the most, Person 3 values Good A the most, and I value Good B and Good C the most. Furthermore, this allocation is efficient because it maximizes the total value of the goods allocated. The total value of the goods allocated is 2 + 49 + 40 + 20 = 111.",3,You,You,2
35,"**Proposed Allocation:**

* **Good A:** Person 2
* **Good B:** You
* **Good C:** Person 3
* **Good D:** Person 2

**Justification:**

* This allocation maximizes the total value for all participants, resulting in a value of 126 for Person 2, 60 for you, and 96 for Person 3.
* Person 2 assigns the highest value to both Goods A and D, so these goods are allocated to them.
* Person 3 assigns the highest value to Good C, so this good is allocated to them.
* You assign the highest value to Good B, so you receive this good.
* The remaining good, Good D, is also allocated to Person 2 since they assign the second-highest value to it.",2,You,3,2
36,"**Proposed Allocation:**

* **Good A:** Person 3
* **Good B:** Person 2
* **Good C:** You
* **Good D:** Person 2

**Justification:**

This allocation strives for fairness by considering the relative values that each person places on the goods.

* Person 3 values Good A the highest (49) and gets it.
* Person 2 values Good B the highest (43) and gets it.
* I value Good C the highest (20) and get it.
* Person 2 also has the highest value for Good D (54), so they get it as well.

This allocation respects the individual preferences of each participant and ensures that each person receives at least one good that they value relatively highly.",3,2,You,2
37,"**Proposed Allocation:**

* **You:** Good B
* **Person 2:** Good A
* **Person 3:** Good C, Good D

**Justification:**

This allocation aims to maximize the total value received by all participants.

* You value Good B the most (40), and giving it to you ensures the highest value.
* Person 2 values Good A the most (2), and giving it to them minimizes their dissatisfaction.
* Person 3 values Good C and Good D equally (4), and giving them both goods ensures they receive the highest total value.

This allocation also considers the relative dissatisfaction of the participants.

* You gain 40 units of value, which is a significant increase over your next most valued good (Good A at 23).
* Person 2 gains 2 units of value, which is better than receiving no goods or goods they value less.
* Person 3 gains 8 units of value, which is higher than their value for any individual good.

Overall, this allocation strives to achieve a balance between maximizing total value and minimizing dissatisfaction among the participants. It is a fair and reasonable solution that I believe is acceptable to all parties involved.",2,You,3,3
38,"**Fair Allocation:**

* Person 2: Good A, Good D
* Person 3: Good B, Good C
* You: Good C

**Justification:**

This allocation maximizes the total value obtained by all participants.

* Person 2: Value = 2 + 54 = 56
* Person 3: Value = 4 + 4 = 8
* You: Value = 20

With this allocation, both Person 2 and You receive goods that they value highly. Person 3 receives the two goods that they value the least, but still obtains a non-zero value. Therefore, this allocation is likely to be acceptable to all participants.",2,3,You,2
39,"I propose the following allocation:

* Person 2 receives Good B.
* Person 3 receives Good A.
* I receive Good C and Good D.

This allocation is fair because it gives each person the good that they value the most. Person 2 values Good B the most, Person 3 values Good A the most, and I value Good C and Good D the most. No one would be better off if we reallocated the goods in any other way.",3,2,Me,Me
40,"I propose to allocate the goods as follows:

* Good A to Person 3
* Good B to Person 2
* Good C to You
* Good D to You

This allocation gives each person their most preferred good, except for Person 2 who gets their second most preferred good. I believe this allocation is fair because it maximizes the total value of the goods for all participants. The total value of the goods under this allocation is 123, which is higher than any other possible allocation.",3,2,You,You
41,"I suggest allocating the goods as follows:

- Person 2 receives Good A and Good B
- You receive Good C
- Person 3 receives Good D

This allocation gives Person 2 a total value of 45 (2 + 43), which is the highest possible total value for any single person. You receive a value of 20 for Good C, which is the highest possible value for any single good. Person 3 receives a value of 43 for Good D, which is the highest possible value for any single good.

I believe this allocation is fair because it gives each person the highest possible value for a single good, and it gives Person 2 the highest possible total value.",2,2,You,3
42,"**Proposed Allocation:**

* **Good A:** Person 3
* **Good B:** Person 2
* **Good C:** You
* **Good D:** You

**Justification:**

This allocation is fair because it maximizes the total utility of the participants.

* **Person 2:** Gets their highest-valued good (B) and their second-highest-valued good (D).
* **Person 3:** Gets their highest-valued good (A) and their third-highest-valued good (D).
* **You:** Get your highest-valued good (C) and your second-highest-valued good (D).

In terms of total utility, Person 2 gets a utility of 97, Person 3 gets a utility of 96, and You get a utility of 37. This is the highest possible total utility among all feasible allocations.",3,2,You,You
43,"I propose the following allocation:
- Person 2 receives Good A and Good D.
- Person 3 receives Good C.
- I receive Good B.

Justification:
This allocation gives each person the good that they value the most. Person 2 values Good A and Good D the most, so they receive those goods. Person 3 values Good C the most, so they receive that good. I value Good B the most, so I receive that good. This allocation is also fair in the sense that each person receives a good that they value at least as much as the other goods.",2,You,3,2
44,"**Proposed Allocation:**

* Person 2: Good D
* Person 3: Good A
* You: Good B and Good C

**Justification:**

This allocation aims to balance the values of the goods for each person while considering the indivisibility of the goods.

* Person 2 has the highest value for Good D (54), so they receive it.
* Person 3 has the highest value for Good A (49), so they receive it.
* You receive Goods B and C because their combined value (40 + 20 = 60) is closest to the values you place on Good A and Good D.

This allocation also ensures that no goods are thrown away, as each person receives at least one good. Additionally, it is likely to be acceptable to the other participants as it gives each person a good they value relatively highly.",3,You,You,2
45,"**Allocation:**

* **You:** Good A, Good B
* **Person 2:** Good C, Good D
* **Person 3:** None

**Justification:**

This allocation aims to balance the allocation of value among the participants.

* **You:** Your total value of goods received is 63 (23 + 40).
* **Person 2:** Their total value of goods received is 57 (1 + 54).
* **Person 3:** They do not receive any goods.

Despite Person 3 not receiving any goods, this allocation is fair because:

* Person 2 values Goods C and D more than Person 3 and you.
* Person 3 has the lowest total value for all four goods.
* It is not possible to allocate Goods C and D to Person 3 without violating the indivisibility constraint.",You,You,2,2
46,"**Proposed Allocation:**

* Person 2: Good A, Good D
* Person 3: Good C
* You: Good B

**Justification:**

This allocation is fair for several reasons:

1. **Efficiency:** It maximizes the total value assigned to the goods. Person 2 values Good A and Good D the most, Person 3 values Good C the most, and I value Good B the most.

2. **Equity:** It provides a reasonable compromise among the participants. Person 2 receives a relatively high total value (56), Person 3 receives a moderate value (43), and I receive a slightly lower value (40).

3. **Acceptability:** This allocation considers the preferences of all participants. Person 2 prefers Good A and Good D over the other goods, Person 3 favors Good C, and I am willing to give up Good A and Good D in exchange for Good B, which I value more.

4. **Pareto Efficiency:** It is impossible to change the allocation such that one person's value increases without decreasing another person's value.",2,You,3,2
47,"**Fair Allocation:**

* **Good A:** Person 3
* **Good B:** Person 2
* **Good C:** You
* **Good D:** Person 2

**Justification:**

This allocation is fair because it maximizes the total value for all participants, based on their individual values for each good.

* **Total Value for Person 2:** 43 (Good B) + 54 (Good D) = 97
* **Total Value for Person 3:** 49 (Good A) + 43 (Good D) = 92
* **Total Value for You:** 20 (Good C) = 20

No other allocation can yield a higher total value while ensuring that all participants agree.",3,2,You,2
48,"**Allocation:**

* Person 2: Good A, Good D
* Person 3: Good B, Good C
* You: Not allocated any goods

**Justification:**

This allocation is fair because it:

* **Maximizes the total value to the group:** This allocation results in a total value of 180 (23 + 43 + 54 + 43 + 1 + 4 + 4). Allocating any of the goods to me would reduce the total value.
* **Equitably distributes value:** Person 2 and Person 3 both receive goods with a combined value of 97 and 96, respectively. This is fairly close to my value for the goods, which is 100.
* **Respects the high values of the other participants:** Person 2 highly values Good D, while Person 3 highly values Good A. This allocation gives these individuals the goods they most value.
* **Does not involve any goods being thrown away:** All four goods are allocated, maximizing the overall utility of the group.

I believe this allocation is acceptable to the other participants because it is fair, equitable, and results in a high total value for the group.",2,3,3,2
49,"I propose the following allocation:

- Good A to Person 3
- Good B to Person 2
- Good C to You
- Good D to Person 2

**Justification:**

I believe this allocation to be fair for several reasons:

- **It maximizes the total value of the goods to the participants.** The total value of the goods under this allocation is 129 (23+43+20+54), which is higher than under any other allocation.
- **It gives each person a good that they value highly.** Person 3 values Good A the most, Person 2 values Good B the most, You value Good C the most, and Person 2 values Good D the most.
- **It avoids throwing away any of the goods.** All of the goods are allocated to someone who values them.",3,2,You,2
50,"**Allocation:**

* You: Good A, Good B
* Person 2: Good D
* Person 3: Good C

**Justification:**

This allocation considers the relative values of the goods for each person.

* Good A is relatively more valuable to you than to Person 2 or Person 3.
* Good B is relatively more valuable to you than to Person 3 and slightly more valuable than Good D to Person 2.
* Good C is equally valuable to you and Person 3, but it is much less valuable to Person 2.
* Good D is relatively more valuable to Person 2 than to you or Person 3.

By allocating Good A and Good B to yourself, Good D to Person 2, and Good C to Person 3, we ensure that each person receives at least one good that is relatively more valuable to them. This allocation also results in a relatively high total value for all participants (you: 63, Person 2: 54, Person 3: 47).",You,You,3,2
51,"**Allocation:**

* You: Good A, Good B
* Person 2: Good C, Good D

**Justification:**

This allocation is fair because it takes into account the value that each person places on the goods. You value Good A and Good B more highly than the other goods, while Person 2 values Good C and Good D more highly. By allocating the goods in this way, we are ensuring that each person receives goods that they value the most.

Additionally, this allocation is also acceptable to the other participants because it gives them goods that they value relatively highly. For example, Person 2 values Good C more highly than any other good, so they would be happy to receive it in this allocation.",You,You,2,2
52,"I propose the following allocation:

* Person 2 receives Good B.
* Person 3 receives Good A.
* I receive Good C.
* Good D is discarded.

I believe this allocation is fair because it gives each person the good that they value the most. Person 2 values Good B the most, Person 3 values Good A the most, and I value Good C the most. Good D is discarded because it is the good that is valued the least by all three people.",3,2,You,None
53,"I propose the following allocation:

- Person 2 receives Good A and Good D.
- Person 3 receives Good C.
- You receive Good B.

This allocation is fair because it gives each person the good that they value the most. Person 2 values Good D the most, so they receive that good. Person 3 values Good C the most, so they receive that good. I value Good B the most, so I receive that good. Good A is the least valuable good to all three people, so it is not allocated.",None,You,3,2
54,"**Allocation:**

* Person 2: Good A, Good D
* Person 3: Good B, Good C

**Justification:**

This allocation is fair because it maximizes the total value of the goods for all participants.

* Person 2's total value: 56 (2 + 54)
* Person 3's total value: 48 (4 + 44)
* Your total value: 40 (40)

Since it is not possible for you to receive Good A or Good D, you are indifferent between receiving Good B or Good C. However, giving Good B to Person 3 and Good C to Person 2 results in a higher total value for all participants.

Additionally, Good B is the most valuable good for Person 2 and Good C is the least valuable good for Person 3. This allocation ensures that both Person 2 and Person 3 receive goods that are highly valued by them.",2,3,2,2
55,"* Assign Person 2 Good A
* Assign Person 3 Good C
* Assign yourself Good B and Good D

This would result in me receiving goods with a total value of 57, which is higher than the value of goods received by the other two individuals. However, I believe this allocation is fair because it gives Person 2 the good that they value the most (Good A) and gives Person 3 the good that they value the second most (Good C). Additionally, this allocation gives me the two goods that I value the most (Good B and Good D), so I am also satisfied with this outcome.",2,You,3,You
56,"**Proposed Allocation:**

* **Good A:** Person 3
* **Good B:** Person 2
* **Good C:** Person 3
* **Good D:** You

**Justification:**

This allocation aims to maximize the overall satisfaction of the participants by prioritizing the goods with the highest values for each individual.

* Person 3 values Good A and Good C the most (49 and 4, respectively), so they are allocated to them.
* Person 2 values Good B the most (43), so it is allocated to them.
* You value Good D the most (17), and since it is the only remaining good, it is allocated to you.

This allocation ensures that all participants receive at least one good that they value highly, except for Person 2, who does not value any of the remaining goods very much. However, Person 2 receives Good B, which has the second-highest value for them and is still significantly more valuable to them than any of the remaining goods.

Overall, this allocation balances fairness and efficiency by considering the individual preferences of each participant and ensuring that each person receives at least one highly valued good.",3,2,3,You
57,"I propose the following allocation:

* Person 2 gets Good D
* Person 3 gets Good A
* You get Good B and Good C

This allocation is fair because it gives each person the good that they value the most. Person 2 values Good D the most, Person 3 values Good A the most, and you value Good B and Good C the most. No one gets a good that they value less than another good that they could have gotten.",3,You,You,2
58,"**Allocation:**

* Good A to Person 3
* Good B to Person 2
* Good C to You
* Good D to You

**Justification:**

This allocation is fair because it maximizes the total value of the goods for all participants while also considering individual preferences.

* **Person 2:** Receives Good B, which they value the highest (43).
* **Person 3:** Receives Good A, which they value more than any other good (49).
* **You:** Receive Goods C (20) and D (17), which have a combined value of 37, ensuring that you also receive a fair allocation.

This allocation is also likely to be acceptable to the other participants because it provides them with goods that they value highly.",3,2,You,You
59,"**Allocation:**

* **You:** Good B, Good C
* **Person 2:** Good D
* **Person 3:** Good A

**Justification:**

This allocation aims to balance the perceived value of the goods among the participants to the extent possible.

* **You:** You value Good B the most (40) and Good C the third-most (20), so you receive these goods. This gives you a total value of 60.
* **Person 2:** Person 2 values Good D the most (54) among the goods available to them. By allocating Good D to them, they receive the highest-valued good they can.
* **Person 3:** Person 3 values Good A the most (49). Allocating Good A to them provides them with the highest total value possible, given that they value Goods B, C, and D less than you do.

This allocation does not allocate Good A to you, even though you value it higher than Person 3. However, considering that you value Good B and Good C more than Person 3 values any of the goods, and that Person 2 values Good D the most, this allocation is likely to be acceptable to all parties involved.",3,You,You,2
60,"**Proposed Allocation:**

* **Person 2:** Good A, Good D
* **Person 3:** Good C
* **You:** Good B

**Justification:**

This allocation aims to maximize the total utility received by all individuals while considering their respective values for each good.

* Person 2 highly values Good A and D, with values of 2 and 54 respectively. Allocating these goods to them maximizes their utility.
* Person 3 has a relatively low value for Goods A, B, and C. However, they highly value Good C with a value of 4. Allocating this good to them ensures they receive a significant benefit.
* By default, you receive Good B, which has the highest value for you (40). This ensures you receive a fair share of the allocation.

This allocation also considers the relative values of the goods. Good D has the highest overall value among all participants, and it is allocated to Person 2, who values it the most. Good B has the second highest overall value, and it is allocated to you, who values it the most.

This allocation results in the following total utilities:

* Person 2: 56 (Good A + Good D)
* Person 3: 4 (Good C)
* You: 40 (Good B)

This distribution is equitable and ensures that all participants receive at least some benefit from the allocation.",2,You,3,2
61,"**Proposed Allocation:**

* **Person 2:** Good A, Good B
* **Person 3:** Good C, Good D
* **You:** None

**Justification:**

This allocation maximizes the total value of the goods for all individuals:

* Person 2 values Good A at 2 and Good B at 43, for a total of 45.
* Person 3 values Good C at 4 and Good D at 43, for a total of 47.
* I do not receive any goods, but this is acceptable to me because I prioritize the well-being of others.

Furthermore, this allocation is likely to be acceptable to the other participants because it provides them with their most highly valued goods. Person 2 receives Good B, which is their highest priority, and Person 3 receives Good D, which is also among their top preferences.",2,2,3,3
62,"**Allocation:**

* Person 2: Good A, Good D
* Person 3: Good C
* You: Good B

**Justification:**

This allocation aims to maximize the total value of the goods for all participants while respecting their individual preferences.

* Person 2 values Good A and Good D the most, so they receive those goods.
* Person 3 highly values Good C, so they receive that good.
* You value Good B the most, so you receive that good.

By allocating the goods in this manner, each participant receives the goods they value the most, resulting in a perceived fair allocation.",2,You,3,2
63,"**Proposed Allocation:**

* **Person 2:** Good A and Good B
* **Person 3:** Good C and Good D
* **You:** Do not receive any goods

**Justification:**

This allocation is considered fair because it is balanced, taking into account both the values of the individuals involved and the need to distribute the goods evenly.

* Person 2 receives their most valuable goods, Good A and Good B, which have a total value of 45.
* Person 3 receives their second and third most valuable goods, Good C and Good D, which have a total value of 47.
* You do not receive any goods because the other two individuals have higher values for all the goods, and there is not a good way to split the goods further.

By not receiving any goods, you are essentially giving up your share to ensure that the other two individuals receive their most preferred goods. This demonstrates fairness and a willingness to compromise for the benefit of the group.",2,2,3,3
64,"I propose the following allocation:

- Person 2 receives Good D
- Person 3 receives Good A
- You receive Goods B and C

This allocation is fair because it gives each person their most preferred good (or one of their most preferred goods, in the case of you). Additionally, the total value of the goods received by each person is relatively equal:

- Person 2: 54
- Person 3: 49
- You: 60

I believe that this allocation is acceptable to the other participants because it gives each person a good that they value highly. Additionally, the allocation is efficient in the sense that it maximizes the total value of the goods received by all participants.",3,You,You,2
65,"I propose the following allocation:

* Good A to Person 3
* Good B to Person 2
* Good C to You
* Good D to You

This allocation gives each person the good that they value the most, while ensuring that everyone receives at least one good.

* Person 2 values Good B the most (43), so they receive that good.
* Person 3 values Good A the most (49), so they receive that good.
* You value Good C the most (20) and Good D the second most (17), so you receive both of those goods.

I believe that this allocation is fair because it gives each person a good that they value highly, and it does not leave anyone empty-handed.",3,2,You,You
66,"**Fair Allocation:**

* Person 2 receives Good A
* Person 3 receives Good B
* You receive Goods C and D

**Justification:**

This allocation maximizes the sum of the utilities of the three individuals involved:

* Person 2: Utility = 2 (Good A) + 0 (Good B) + 0 (Good C) + 0 (Good D) = 2
* Person 3: Utility = 0 (Good A) + 4 (Good B) + 0 (Good C) + 0 (Good D) = 4
* You: Utility = 0 (Good A) + 0 (Good B) + 20 (Good C) + 17 (Good D) = 37

Total Utility = 43

This allocation is equitable as it provides the highest possible combined utility while respecting the indivisibility constraint and ensuring that all participants agree.",2,3,You,You
67,"I propose allocating Good A to Person 3, Good B to you, Good C to Person 2, and throwing away Good D.

This allocation is fair because it gives each person the good that they value the most. Person 3 values Good A the most, Person 2 values Good C the most, and I value Good B the most. Throwing away Good D is fair because no one values it very highly.

This allocation is also acceptable to the other participants because it gives each person at least one good that they value. Person 3 values Good A more than any other good, so they would be happy to receive it. Person 2 values Good C more than any other good, so they would be happy to receive it. I value Good B more than any other good, so I would be happy to receive it.",3,You,2,None
68,"I propose the following allocation:

* Person 2 receives Good B and Good D.
* Person 3 receives Good A.
* I receive Good C.

This allocation is fair because it gives each person the good that they value the most. Person 2 values Good B and Good D the most, Person 3 values Good A the most, and I value Good C the most. Additionally, this allocation is acceptable to the other participants because it gives each person at least one good that they value.",3,2,You,2
69,"**Fair Allocation:**

* **Good A:** Person 3
* **Good B:** Person 2
* **Good C:** You
* **Good D:** You

**Justification:**

This allocation maximizes the total value obtained by all participants while considering their individual valuations.

* Person 3 values Good A the highest, so they receive it.
* Person 2 values Good B the highest, so they receive it.
* I value both Good C and Good D higher than either Person 2 or Person 3, so I receive these goods.

This allocation ensures that each participant receives at least one good that they value highly, and it prevents any one person from monopolizing the most valuable goods. Furthermore, it is likely to be acceptable to all participants as it distributes the goods fairly based on their individual preferences and does not noticeably favor any one person.",3,2,You,You
70,"**Proposed Allocation:**

* **You:** Good A, Good D
* **Person 2:** Good B
* **Person 3:** Good C

**Justification:**

This allocation aims to distribute the goods among the participants in a way that maximizes their collective utility.

* **You:** You receive Good A, which you value at 23, and Good D, which you value at 17. This allocation gives you a total utility of 40.
* **Person 2:** Person 2 receives Good B, which they value at 43. Thus, they achieve their highest possible utility from the allocation.
* **Person 3:** Person 3 receives Good C, which they value at 4. While this is not their highest-valued good, it is the good that maximizes their utility under this allocation.

**Acceptability:**

This allocation should be acceptable to all participants because:

* It gives Person 2 their most valued good.
* It gives you a reasonable level of utility, considering your valuations for the goods.
* It minimizes the sacrifice for Person 3 by giving them the good that they value the most out of the remaining options after Person 2's allocation.

Overall, this allocation balances the interests of all participants and ensures that everyone receives a fair share of the goods.",You,2,3,You
71,"**Proposed Allocation:**

* Person 2: Good A, Good D
* Person 3: Good B, Good C
* You: None

**Justification:**

This allocation satisfies the following criteria:

* **Fairness:** Person 2 receives goods with a total value of 56, Person 3 receives goods worth 48, and I receive nothing. While I do not receive any goods, this proposal is still fair because it maximizes the total value received by the other participants.
* **Acceptability:** Given that Person 2 values Good A and Good D more than I do (56 vs. 40), and Person 3 values Good B and Good C equally to or more than I do (8 vs. 24), this allocation is likely to be acceptable to them.
* **Efficiency:** This allocation avoids any waste of goods, as all four goods are allocated to individuals who value them most highly.",2,3,3,2
72,"**Proposed Allocation:**

* **Person 2:** Good B, Good D
* **Person 3:** Good A, Good C

**Justification:**

This allocation is considered fair because:

* It maximizes the total value obtained by the participants. The combined value of the goods allocated to each person is as follows:
    * Person 2: 43 + 54 = 97
    * Person 3: 49 + 4 = 53
* It takes into account the relative values each person assigns to the goods. For example, Person 2 values Good D the most, so they receive it in this allocation.
* It avoids giving any one person all the goods, ensuring that each participant benefits from the allocation.
* It does not involve discarding any goods, which would reduce the total value available to the participants.

By assigning Good B and Good D to Person 2, who values them the highest, and Good A and Good C to Person 3, who values them the second highest, this allocation strives to achieve a fair distribution of goods that is mutually acceptable to all participants.",3,2,3,2
73,"I propose the following allocation:

* Person 2 receives Good A and Good D.
* Person 3 receives Good B.
* I receive Good C.

This allocation is fair because it gives each person the good that they value the most. Person 2 values Good A and Good D the most, Person 3 values Good B the most, and I value Good C the most. No one receives a good that they value less than any other good that is allocated.

This allocation is also acceptable to the other participants because it gives each person a good that they value at least as much as the other goods that are allocated. Person 2 values Good A at 2 and Good D at 54, so they value Good A less than Good D. Person 3 values Good B at 4 and Good C at 4, so they value Good B at least as much as Good C. I value Good C at 20 and Good B at 40, so I value Good C less than Good B.

Therefore, this allocation is fair and acceptable to all participants.",2,3,You,2
74,"**Allocation:**

* **Person 2:** Good A, Good D
* **Person 3:** Good B
* **You:** Good C

**Justification:**

This allocation strives to balance the total value received by each individual, considering their respective preferences for the goods:

* **Person 2:** Total value = 56 (Good A + Good D)
* **Person 3:** Total value = 48 (Good B)
* **You:** Total value = 20 (Good C)

While Person 3 receives the highest total value, their preferences for Good D are relatively low. By allocating Good D to Person 2, who values it highly (54), Person 2 receives a significant increase in their total value without significantly impacting Person 3's overall satisfaction.

Good C, which You value least, is allocated to You to ensure that all goods are distributed.

This allocation aims to provide a fair distribution of utility, recognizing the different preferences and values of the participants.",2,3,You,2
75,"I propose to allocate Good A to Person 2, Good B to me, Good C to Person 3, and to discard Good D.

This allocation is fair because it gives each person the good that they value the most. Person 2 values Good A the most, Person 3 values Good C the most, and I value Good B the most. Discarding Good D is fair because it is the good that everyone values the least.

This allocation is also acceptable to the other participants because it gives each person a good that they value more than any other good. Person 2 would prefer to have Good A than Good B, Good C, or Good D. Person 3 would prefer to have Good C than Good A, Good B, or Good D. I would prefer to have Good B than Good A, Good C, or Good D.",2,You,3,None
76,"**Proposed Allocation:**

* **Person 2:** Good A, Good C
* **Person 3:** Good B
* **You:** Good D

**Justification:**

This allocation aims to maximize the total value received by all participants while ensuring that each person receives at least one good.

* **Person 2:** Good A (value of 2) + Good C (value of 1) = Total value of 3
* **Person 3:** Good B (value of 4)
* **You:** Good D (value of 17)

By giving Good A and C to Person 2, they receive a total value of 3, even though their highest value good (Good D) is allocated to You. This ensures that they are not significantly disadvantaged.

Person 3 receives Good B, which has a value of 4, ensuring that they receive a fair share.

You receive Good D, which has a value of 17, the highest value among the remaining goods. This ensures that your interests are also considered.

Overall, this allocation provides a reasonable compromise that balances the value preferences of all participants while ensuring that everyone receives at least one good.",2,3,2,You
77,"I propose the following allocation:

* **Person 2:** Good A
* **Person 3:** Good B
* **You:** Good C, Good D

Justification:

This allocation is fair because it gives each person their most-valued good, while also considering the value that each person places on the other goods. For example, Person 2 values Good A the most, and I value Good C the most. By giving each of us our most-valued goods, we are ensuring that we are both satisfied with the allocation. Additionally, Person 3 values Good B the most, and I value Good D more than Good A. By giving Person 3 Good B and me Good D, we are also ensuring that we are both satisfied with the allocation.",2,3,You,You
78,"I propose to allocate the following goods to the individuals:
- Person 2 gets Good A
- Person 3 gets Good B
- I get Good C
- Good D is discarded because nobody values it sufficiently.

I believe this allocation is fair because it gives each person the good that they value the most. Person 2 values Good A the most, Person 3 values Good B the most, and I value Good C the most. Good D is discarded because nobody values it sufficiently to receive it.",2,3,You,None
79,"**Proposed Allocation:**

* **Person 2:** Good B
* **Person 3:** Good A
* **You:** Good C, Good D

**Justification:**

This allocation considers both the individual values and the potential for reaching an agreement among the participants.

* **Good B:** Person 2 places the highest value on Good B (43), so it is allotted to them.
* **Good A:** Person 3 values Good A the most (49), so they receive it.
* **Good C and D:** You have the second-highest values for Good C (20) and Good D (17). Since you have two goods and Person 2 and 3 only have one each, this allocation distributes the goods fairly.

This allocation provides a balance where each participant receives at least one good they consider valuable, while also maximizing the total value accrued by the group.",3,2,You,You
80,"I propose the following allocation:

* Person 2 receives Good D
* Person 3 receives Good A
* You receive Good B and Good C

This allocation is fair because it gives each person the good that they value the most. Person 2 values Good D the most, Person 3 values Good A the most, and I value Good B the most. I am also willing to give up Good C to Person 3 because I value Good B more than Good C.

I believe that this allocation is acceptable to the other participants because it gives each person a good that they value highly. Person 2 gets their most preferred good, Person 3 gets their second most preferred good, and I get my two most preferred goods.",3,You,You,2
81,"**Allocation:**

* Good A: Person 3
* Good B: You
* Good C: Person 2
* Good D: Person 2

**Justification:**

This allocation maximizes the total value of the goods to all participants, which is 172. Allocating Good A to Person 3, Good B to me, Good C to Person 2, and Good D to Person 2 maximizes the sum of each individual's highest value for each good:

* Your value: 40 (Good B) + 20 (Good C) = 60
* Person 2's value: 2 (Good A) + 1 (Good C) + 54 (Good D) = 57
* Person 3's value: 49 (Good A) + 4 (Good C) + 43 (Good D) = 96

This allocation also ensures that each person receives at least one good that they value highly. Person 3 receives Good A, which is their highest-valued good. Person 2 receives Good C, which is their second-highest-valued good, and Good D, which is their highest-valued good. I receive Good B, which is my highest-valued good.",3,You,2,2
82,"I propose the following allocation:

- Person 2 receives Good A and Good B.
- Person 3 receives Good C.
- You receive Good D.

This allocation is fair because it gives each person the good(s) that they value the most. Person 2 values Good A the least and Good B the most, so they receive those goods. Person 3 values Good C the most and Good B the least, so they receive Good C. You value Good D the most and Good A the least, so you receive Good D.

This allocation is also acceptable to the other participants because it gives each person at least one good that they value. Person 2 values Good A and Good B more than any other goods, so they are happy to receive those goods. Person 3 values Good C more than any other good, so they are happy to receive that good. You value Good D more than any other good, so you are happy to receive that good.",2,2,3,You
83,"Allocate Good A to Person 3, Good B to Person 2, Good C to you, and discard Good D.",3,2,You,None
84,"**Fair Allocation:**

* Person 2 receives Good D (value: 54)
* Person 3 receives Good A (value: 49)
* You receive Good B (value: 40)
* Good C is discarded (value: 20)

**Justification:**

This allocation aims to maximize the total value derived by all participants. By giving Person 2 the good they value most (Good D), we are ensuring that they receive a fair share. Similarly, Person 3 receives Good A, which is their highest-valued item.

I receive Good B, which has a value of 40 to me. While I could have argued for Good A (value: 23), doing so would have resulted in a lower total value for the group. By sacrificing a small amount of my own value, we can ensure that everyone receives a more equitable share.

Discarding Good C may seem wasteful, but it is necessary to achieve a balanced allocation. If we were to give Good C to Person 2 or 3, it would significantly increase their total value and leave the other participant(s) with a disproportionately lower share. By discarding Good C, we are ensuring that the allocation is fair and acceptable to all parties involved.",3,You,None,2
85,"I propose the following allocation:

* **Person 2:** Good B, Good C
* **Person 3:** Good A, Good D
* **Me:** None

**Justification:**

This allocation is fair because it gives each person the goods that they value most. Person 2 values Good B and Good C the most, so they get those goods. Person 3 values Good A and Good D the most, so they get those goods. I value Good B and Good D the least, so I get nothing.

This allocation is also acceptable to the other participants because it gives them the goods that they value most. Person 2 would not be happy if they got Good A or Good D, because they value those goods less than Good B and Good C. Person 3 would not be happy if they got Good B or Good C, because they value those goods less than Good A and Good D.",3,2,2,3
86,"**Allocation:**

* Person 2: Good D
* Person 3: Good A
* You: Good B, Good C

**Justification:**

This allocation attempts to balance individual preferences while maximizing the total value for all participants.

* Person 2 values Good D the most, and they receive it.
* Person 3 values Good A the most, and they receive it.
* I value Good B and Good C slightly more than the other two goods, and I receive them.

Under this allocation, the total value for all participants is 124 (23+40+20+41). This is higher than other potential allocations that would result in a lower total value.

Additionally, this allocation ensures that each individual receives at least one good they value relatively highly. This helps to ensure fairness and acceptability among the participants.",3,You,You,2
87,"I allocate Good A to Person 3, Good B to myself, Good C to Person 2, and Good D to Person 2.

This allocation gives Person 2 a total value of 55 (1 + 54), Person 3 a total value of 49, and me a total value of 40. 

Despite the fact that my proposed allocation gives me the lowest total value among the three participants, I believe it is the fairest because it gives Person 2 and Person 3 the highest valued goods for them (Good D and Good A respectively) and values as close as possible to my own for their remaining goods (Good C and Good B respectively).",3,You,2,2
88,"* Person 2 receives: Good B, Good D
* Person 3 receives: Good A, Good C
* You keep: None

This allocation is fair because it gives each person a good that they value highly. Person 2 gets Good B, which they value more than any other good. Person 3 gets Good A, which is their second-highest valued good and Good C, which they value more than Good B or Good D. You do not get any goods because this allocation gives Person 2 and Person 3 the goods that they value the most while respecting indivisibility.",3,2,3,2
89,"I propose to allocate the goods as follows:

- Good A to Person 3
- Good B to Person 2
- Good C to me
- Good D to me

I believe this allocation is fair because it gives each person the good that they value the most. Person 3 values Good A the most, Person 2 values Good B the most, and I value Goods C and D the most. By allocating the goods in this way, we can ensure that everyone receives a good that they will get the most utility from.",3,2,You,You
90,"I propose to allocate the goods as follows:

* Good A to Person 3
* Good B to Person 2
* Good C to You
* Good D to You

This allocation is fair because it gives each person the good that they value the most. Person 3 values Good A the most, Person 2 values Good B the most, and I value Good C and Good D the most. This allocation also ensures that no one receives a good that they value less than 20, which is the minimum value of any of the goods.",3,2,You,You
91,"**Allocation:**

* **Good A:** Person 3
* **Good B:** Person 2
* **Good C:** You
* **Good D:** Person 2

**Justification:**

This allocation maximizes the total value for all participants. Person 3 values Good A the most (49), so they get it. Person 2 values Good B the most (43), so they get it and Good D (the second highest value for them), while discarding Good C (their lowest value). I value Good C the most (20), so I get it. Discarding Good A and Good B maximizes the total value for the group.",3,2,You,2
92,"**Proposed Allocation:**

* **You:** Good A, Good B
* **Person 2:** Good D
* **Person 3:** Good C

**Justification:**

This allocation aims to balance individual preferences while maximizing overall value.

* Person 3 highly values Good C, so they receive it.
* Person 2 strongly prefers Good D, so they receive it.
* You and Person 2 both value Good B highly, so you share it.
* You value Good A more than any other participant, so you receive it.

This allocation results in the following total values for each participant:

* **You:** 23 + 40 = 63
* **Person 2:** 54 + 1 = 55
* **Person 3:** 4 + 43 = 47

While the values are not perfectly equal, this allocation balances fairness by ensuring that everyone receives goods they value highly and that no one is significantly disadvantaged.",You,You,3,2
93,"I propose the following allocation:

* Person 2 receives Good A and Good D.
* Person 3 receives Good B.
* You receive Good C.

This allocation gives Person 2 a total value of 56, Person 3 a total value of 47, and you a total value of 20. This is the only allocation that gives each person a total value of at least 20, and it is the allocation that minimizes the total difference between the values of the goods received by each person.",2,3,You,2
94,"**Proposed allocation:**

* **Person 2**: Good A, Good B
* **Person 3**: Good C, Good D
* **You**: None

**Justification:**

This allocation aims to distribute the goods in a way that maximizes the total value received by all participants. Person 2 receives the highest value from Good A and Good B, so they are allocated to them. Person 3 receives the highest value from Good C and Good D, so they are allocated to them. While you receive no goods, the allocation is still considered fair because Person 2 and Person 3 are receiving a significant amount of value.

Moreover, this allocation takes into account the relative values of the goods for each individual. For instance, Good B is more valuable to Person 2 than to you, so it is allocated to Person 2. Similarly, Good A is more valuable to Person 2 than to Person 3, so it is allocated to Person 2.

By considering the individual preferences and the relative values of the goods, this allocation aims to achieve a fair and acceptable distribution.",2,2,3,3
95,"I propose to allocate the goods as follows:

* Good A to Person 3
* Good B to Person 2
* Good C to me
* Good D to not be allocated (thrown away)

This allocation is fair because it maximizes the total value of the goods to the participants. The total value of the goods to Person 2 is 43 + 54 = 97. The total value of the goods to Person 3 is 49 + 43 = 92. The total value of the goods to me is 23 + 20 = 43. If Good D were allocated to Person 2, the total value of the goods to Person 2 would be 97 + 54 = 151, which is more than the total value of the goods to Person 3 and me combined. Therefore, it is fair to not allocate Good D to anyone.",3,2,You,None
96,"I propose the following allocation:

* Person 2 receives Good A and Good D.
* Person 3 receives Good C.
* You receive Good B.

This allocation is fair because it gives each person the good that they value the most. Person 2 values Good A and Good D the most, Person 3 values Good C the most, and you value Good B the most.",2,You,3,2
97,"I propose the following allocation:

* Person 2 receives Good D, valued at 54.
* Person 3 receives Good B, valued at 43.
* I receive Goods A and C, valued at 23 and 20, respectively.

This allocation is fair because it gives each person goods that they value more than the other participants. For example, Person 2 values Good D more than I do, and I value Good A and Good C more than Person 2 or Person 3. Additionally, the total value of the goods allocated to each person is roughly the same: Person 2 receives goods worth 54, Person 3 receives goods worth 43, and I receive goods worth 43.",You,3,You,2
98,"I propose the following allocation:

* Good A: Person 3
* Good B: Person 2
* Good C: You
* Good D: Person 3

This allocation gives each person the good that they value the most. Person 3 values Good A the most, Person 2 values Good B the most, you value Good C the most, and Person 3 values Good D the most. I believe that this is a fair allocation because it takes into account the individual preferences of each person.",3,2,You,3
99,"**Fair Allocation:**

* **Person 2:** Good A, Good D
* **Person 3:** Good C, Good B
* **You:** Good A

**Justification:**

This allocation is considered fair for the following reasons:

* **Equal distribution of value:** The total value assigned to each individual is approximately equal:
    * Person 2: 56 (2 + 54)
    * Person 3: 48 (4 + 43)
    * You: 23 (23)
* **Minimization of envy:** Each individual receives at least one good that they value very highly. Person 2 receives Good D, their most valuable good. Person 3 receives Good C, their second most valuable good. You receive Good A, your most valuable good.
* **Maximization of social welfare:** The total value of all the goods allocated is maximized. Good D, which has the highest total value (54 + 17 = 71), is allocated to the person who values it most (Person 2).
* **Respect for preferences:** This allocation respects the preferences of all three individuals. Person 2 receives the goods they value most, Person 3 receives goods that are relatively more valuable to them, and you receive the good you value most.",2,3,3,2
