,Text,Tokens,Good A,Good B,Good C,Good D,Person 1 money,Person 2 money,Person 3 money
0,"{
""Good A"": ""Person 3"",
""Good B"": ""Person 2"",
""Good C"": ""Person 1"",
""Good D"": ""Person 1"",
""Person 1 money"": 4,
""Person 2 money"": 0,
""Person 3 money"": 3
}",0,1,2,3,1,2,3,2
1,"``` JSON
{
""Good A"": ""Person 3"",
""Good B"": ""Person 2"",
""Good C"": ""Person 3"",
""Good D"": ""Person 1"",
""Person 1 money"": 5,
""Person 2 money"": 1,
""Person 3 money"": 1
}
```",0,3,2,1,1,2,5,0
2,"{
""Good A"": ""Person 3"",
""Good B"": ""Person 2"",
""Good C"": ""Person 1"",
""Good D"": ""Person 1"",
""Person 1 money"": ""3"",
""Person 2 money"": ""4"",
""Person 3 money"": ""0""
}",0,1,2,3,1,3,4,0
3,"```JSON
{
""Good A"": ""Person 3"",
""Good B"": ""Person 2"",
""Good C"": ""Person 1"",
""Good D"": ""Person 1"",
""Person 1 money"": 2,
""Person 2 money"": 5,
""Person 3 money"": 0
}
```",0,3,2,3,1,3,2,2
4,"{
""Good A"": ""Person 3"",
""Good B"": ""Person 2"",
""Good C"": ""Person 3"",
""Good D"": ""Person 1"",
""Person 1 money"": 6,
""Person 2 money"": 0,
""Person 3 money"": 1
}",0,1,2,3,1,3,4,0
5,"{
""Good A"": ""Person 3"",
""Good B"": ""Person 2"",
""Good C"": ""Person 3"",
""Good D"": ""Person 1"",
""Person 1 money"": 0,
""Person 2 money"": 5,
""Person 3 money"": 2
}",0,1,2,3,1,2,3,2
6,"{
""Good A"": ""Person 3"",
""Good B"": ""Person 2"",
""Good C"": ""Person 3"",
""Good D"": ""Person 1"",
""Person 1 money"": 2,
""Person 2 money"": 2,
""Person 3 money"": 3
}",0,3,1,2,1,3,2,2
7,"{
""Good A"": ""Person 3"",
""Good B"": ""Person 2"",
""Good C"": ""Person 3"",
""Good D"": ""Person 1"",
""Person 1 money"": 1,
""Person 2 money"": 3,
""Person 3 money"": 3
}",0,1,2,3,1,2,3,2
8,"{
""Good A"": ""Person 3"",
""Good B"": ""Person 2"",
""Good C"": ""Person 3"",
""Good D"": ""Person 1"",
""Person 1 money"": 3,
""Person 2 money"": 0,
""Person 3 money"": 4
}",0,3,2,3,1,3,0,4
9,"{
""Good A"": ""Person 3"",
""Good B"": ""Person 2"",
""Good C"": ""Person 1"",
""Good D"": ""Person 1"",
""Person 1 money"": 7,
""Person 2 money"": 0,
""Person 3 money"": 0
}",0,1,2,3,1,2,5,0
10,"{
""Good A"": ""Person 3"",
""Good B"": ""Person 2"",
""Good C"": ""Person 3"",
""Good D"": ""Person 1"",
""Person 1 money"": 4,
""Person 2 money"": 0,
""Person 3 money"": 3
}",0,3,2,3,1,4,0,3
11,"{
""Good A"": ""Person 3"",
""Good B"": ""Person 2"",
""Good C"": ""Person 3"",
""Good D"": ""Person 1"",
""Person 1 money"": 0,
""Person 2 money"": 3,
""Person 3 money"": 4
}",0,3,2,3,1,0,3,4
12,"{
""Good A"": ""Person 3"",
""Good B"": ""Person 2"",
""Good C"": ""Person 1"",
""Good D"": ""Person 1"",
""Person 1 money"": 1,
""Person 2 money"": 4,
""Person 3 money"": 2
}",0,3,2,1,1,1,4,2
13,"{
""Good A"": ""Person 3"",
""Good B"": ""Person 2"",
""Good C"": ""Person 1"",
""Good D"": ""Person 1"",
""Person 1 money"": 1,
""Person 2 money"": 5,
""Person 3 money"": 1
}",0,3,1,2,1,3,2,2
14,"{
""Good A"": ""Person 3"",
""Good B"": ""Person 2"",
""Good C"": ""Person 3"",
""Good D"": ""Person 1"",
""Person 1 money"": 0,
""Person 2 money"": 5,
""Person 3 money"": 2
}",0,3,2,3,1,0,5,2
15,"{
""Good A"": ""Person 3"",
""Good B"": ""Person 2"",
""Good C"": ""Person 3"",
""Good D"": ""Person 1"",
""Person 1 money"": 2,
""Person 2 money"": 0,
""Person 3 money"": 5
}",0,3,2,3,1,2,0,5
16,"{
""Good A"": ""Person 3"",
""Good B"": ""Person 2"",
""Good C"": ""Person 3"",
""Good D"": ""Person 1"",
""Person 1 money"": 2,
""Person 2 money"": 3,
""Person 3 money"": 2
}",0,3,2,3,1,2,3,2
17,"{
""Good A"": ""Person 3"",
""Good B"": ""Person 2"",
""Good C"": ""Person 1"",
""Good D"": ""Person 1"",
""Person 1 money"": 2,
""Person 2 money"": 1,
""Person 3 money"": 4
}",0,3,2,1,1,2,1,4
18,"{
""Good A"": ""Person 3"",
""Good B"": ""Person 2"",
""Good C"": ""Person 3"",
""Good D"": ""Person 1"",
""Person 1 money"": 2,
""Person 2 money"": 5,
""Person 3 money"": 0
}",0,1,2,3,1,3,4,0
19,"{
""Good A"": ""Person 3"",
""Good B"": ""Person 2"",
""Good C"": ""Person 1"",
""Good D"": ""Person 1"",
""Person 1 money"": 0,
""Person 2 money"": 7,
""Person 3 money"": 0
}",0,3,2,1,1,0,7,0
20,"{
""Good A"": ""Person 1"",
""Good B"": ""Person 2"",
""Good C"": ""Person 3"",
""Good D"": ""Person 1"",
""Person 1 money"": 1,
""Person 2 money"": 4,
""Person 3 money"": 2
}",0,3,2,1,1,2,3,2
21,"{
""Good A"": ""Person 3"",
""Good B"": ""Person 2"",
""Good C"": ""Person 3"",
""Good D"": ""Person 1"",
""Person 1 money"": 0,
""Person 2 money"": 0,
""Person 3 money"": 7
}",0,1,2,3,1,3,4,0
22,"{
""Good A"": ""Person 3"",
""Good B"": ""Person 2"",
""Good C"": ""None"",
""Good D"": ""Person 1"",
""Person 1 money"": 2,
""Person 2 money"": 5,
""Person 3 money"": 0
}",0,2,1,3,None,3,2,2
23,"{
""Good A"": ""Person 3"",
""Good B"": ""Person 2"",
""Good C"": ""Person 3"",
""Good D"": ""Person 1"",
""Person 1 money"": ""1"",
""Person 2 money"": ""6"",
""Person 3 money"": ""0""
}",0,1,3,2,3,0,5,2
24,"{
""Good A"": ""Person 3"",
""Good B"": ""Person 2"",
""Good C"": ""Person 1"",
""Good D"": ""Person 1"",
""Person 1 money"": 2,
""Person 2 money"": 0,
""Person 3 money"": 5
}",0,3,2,1,1,2,0,5
25,"{
""Good A"": ""Person 3"",
""Good B"": ""Person 2"",
""Good C"": ""Person 3"",
""Good D"": ""Person 1"",
""Person 1 money"": 2,
""Person 2 money"": 0,
""Person 3 money"": 5
}",0,3,2,1,1,3,2,2
26,"{
""Good A"": ""Person 3"",
""Good B"": ""Person 2"",
""Good C"": ""Person 3"",
""Good D"": ""Person 1"",
""Person 1 money"": 3,
""Person 2 money"": 0,
""Person 3 money"": 4
}",0,3,2,1,1,1,6,0
27,"{
""Good A"": ""Person 3"",
""Good B"": ""Person 2"",
""Good C"": ""Person 1"",
""Good D"": ""Person 1"",
""Person 1 money"": 2,
""Person 2 money"": 0,
""Person 3 money"": 5
}",0,3,1,2,3,3,2,2
28,"{
""Good A"": ""Person 3"",
""Good B"": ""Person 2"",
""Good C"": ""Person 3"",
""Good D"": ""Person 1"",
""Person 1 money"": 2,
""Person 2 money"": 3,
""Person 3 money"": 2
}",0,3,2,3,1,2,3,2
29,"{
""Good A"": ""Person 3"",
""Good B"": ""Person 2"",
""Good C"": ""Person 3"",
""Good D"": ""Person 1"",
""Person 1 money"": 1,
""Person 2 money"": 2,
""Person 3 money"": 4
}",0,3,2,1,1,2,3,2
30,"```JSON
{
""Good A"": ""Person 3"",
""Good B"": ""Person 2"",
""Good C"": ""Person 3"",
""Good D"": ""Person 1"",
""Person 1 money"": 7,
""Person 2 money"": 0,
""Person 3 money"": 0
}
```",0,1,2,3,1,2,5,0
31,"{
""Good A"": ""Person 3"",
""Good B"": ""Person 2"",
""Good C"": ""Person 3"",
""Good D"": ""Person 1"",
""Person 1 money"": ""1"",
""Person 2 money"": ""4"",
""Person 3 money"": ""2""
}",0,1,2,3,1,2,3,2
32,"{
""Good A"": ""Person 3"",
""Good B"": ""Person 2"",
""Good C"": ""Person 3"",
""Good D"": ""Person 1"",
""Person 1 money"": ""0"",
""Person 2 money"": ""2"",
""Person 3 money"": ""5""
}",0,3,2,3,1,0,2,5
33,"{
""Good A"": ""Person 3"",
""Good B"": ""Person 2"",
""Good C"": ""Person 3"",
""Good D"": ""Person 1"",
""Person 1 money"": ""3"",
""Person 2 money"": ""0"",
""Person 3 money"": ""4""
}",0,3,2,1,1,2,2,3
34,"{
""Good A"": ""Person 3"",
""Good B"": ""Person 2"",
""Good C"": ""Person 3"",
""Good D"": ""Person 1"",
""Person 1 money"": 0,
""Person 2 money"": 0,
""Person 3 money"": 7
}",0,3,2,1,1,3,4,0
35,"{
""Good A"": ""Person 3"",
""Good B"": ""Person 2"",
""Good C"": ""Person 1"",
""Good D"": ""Person 1"",
""Person 1 money"": 2,
""Person 2 money"": 5,
""Person 3 money"": 0
}",0,3,1,2,1,4,3,0
36,"{
""Good A"": ""Person 3"",
""Good B"": ""Person 2"",
""Good C"": ""Person 3"",
""Good D"": ""Person 1"",
""Person 1 money"": 1,
""Person 2 money"": 2,
""Person 3 money"": 4
}",0,3,2,3,1,1,2,4
37,"{
""Good A"": ""Person 3"",
""Good B"": ""Person 2"",
""Good C"": ""Person 3"",
""Good D"": ""Person 1"",
""Person 1 money"": 0,
""Person 2 money"": 3,
""Person 3 money"": 4
}",0,1,2,3,1,2,3,2
38,"{
""Good A"": ""Person 3"",
""Good B"": ""Person 2"",
""Good C"": ""Person 3"",
""Good D"": ""Person 1"",
""Person 1 money"": 0,
""Person 2 money"": 7,
""Person 3 money"": 0
}",0,3,2,1,1,3,4,0
39,"{
""Good A"": ""Person 3"",
""Good B"": ""Person 2"",
""Good C"": ""Person 1"",
""Good D"": ""Person 1"",
""Person 1 money"": 1,
""Person 2 money"": 1,
""Person 3 money"": 5
}",0,3,2,1,1,1,1,5
40,"{
""Good A"": ""Person 1"",
""Good B"": ""Person 2"",
""Good C"": ""Person 3"",
""Good D"": ""Person 1"",
""Person 1 money"": 1,
""Person 2 money"": 3,
""Person 3 money"": 3
}",0,3,2,1,1,2,3,2
41,"{
""Good A"": ""Person 3"",
""Good B"": ""Person 2"",
""Good C"": ""Person 1"",
""Good D"": ""Person 1"",
""Person 1 money"": 3,
""Person 2 money"": 4,
""Person 3 money"": 0
}",0,3,2,3,1,2,5,0
42,"{
""Good A"": ""Person 3"",
""Good B"": ""Person 2"",
""Good C"": ""Person 1"",
""Good D"": ""Person 1"",
""Person 1 money"": ""3"",
""Person 2 money"": ""0"",
""Person 3 money"": ""4""
}",0,2,2,1,1,1,6,0
43,"{
""Good A"": ""Person 3"",
""Good B"": ""Person 2"",
""Good C"": ""Person 3"",
""Good D"": ""Person 1"",
""Person 1 money"": 3,
""Person 2 money"": 0,
""Person 3 money"": 4
}",0,1,2,3,1,2,5,0
44,"{
""Good A"": ""Person 3"",
""Good B"": ""Person 2"",
""Good C"": ""Person 3"",
""Good D"": ""Person 1"",
""Person 1 money"": 3,
""Person 2 money"": 2,
""Person 3 money"": 2
}",0,3,1,2,3,2,5,0
45,"{
""Good A"": ""Person 3"",
""Good B"": ""Person 2"",
""Good C"": ""Person 1"",
""Good D"": ""Person 1"",
""Person 1 money"": 2,
""Person 2 money"": 4,
""Person 3 money"": 1
}",0,3,1,2,1,3,4,0
46,"```JSON
{
  ""Good A"": ""Person 3"",
  ""Good B"": ""Person 2"",
  ""Good C"": ""Person 3"",
  ""Good D"": ""Person 1"",
  ""Person 1 money"": 2,
  ""Person 2 money"": 0,
  ""Person 3 money"": 5
}
```",0,3,2,1,1,3,4,0
47,"{
""Good A"": ""Person 3"",
""Good B"": ""Person 2"",
""Good C"": ""Person 3"",
""Good D"": ""Person 1"",
""Person 1 money"": 0,
""Person 2 money"": 2,
""Person 3 money"": 5
}",0,1,2,3,1,3,4,0
48,"{
""Good A"": ""Person 3"",
""Good B"": ""Person 1"",
""Good C"": ""Person 2"",
""Good D"": ""Person 1"",
""Person 1 money"": 0,
""Person 2 money"": 5,
""Person 3 money"": 2
}",0,1,2,3,1,2,3,2
49,"{
""Good A"": ""Person 1"",
""Good B"": ""Person 2"",
""Good C"": ""Person 3"",
""Good D"": ""Person 1"",
""Person 1 money"": ""2"",
""Person 2 money"": ""5"",
""Person 3 money"": ""0""
}",0,3,2,1,1,3,4,0
50,"{
""Good A"": ""Person 3"",
""Good B"": ""Person 2"",
""Good C"": ""Person 3"",
""Good D"": ""Person 1"",
""Person 1 money"": 0,
""Person 2 money"": 3,
""Person 3 money"": 4
}",0,1,2,3,1,0,5,2
51,"{
""Good A"": ""Person 3"",
""Good B"": ""Person 2"",
""Good C"": ""Person 3"",
""Good D"": ""Person 1"",
""Person 1 money"": 2,
""Person 2 money"": 5,
""Person 3 money"": 0
}",0,1,2,3,1,3,0,4
52,"```JSON
{
""Good A"": ""Person 1"",
""Good B"": ""Person 2"",
""Good C"": ""Person 3"",
""Good D"": ""Person 1"",
""Person 1 money"": 0,
""Person 2 money"": 4,
""Person 3 money"": 3
}
```",0,3,2,1,1,2,0,5
53,"{
""Good A"": ""Person 3"",
""Good B"": ""Person 2"",
""Good C"": ""Person 1"",
""Good D"": ""Person 3"",
""Person 1 money"": 1,
""Person 2 money"": 1,
""Person 3 money"": 5
}",0,3,2,1,1,3,2,2
54,"{
""Good A"": ""Person 3"",
""Good B"": ""Person 1"",
""Good C"": ""Person 2"",
""Good D"": ""Person 1"",
""Person 1 money"": 2,
""Person 2 money"": 3,
""Person 3 money"": 2
}",0,3,2,1,1,3,2,2
55,"{
""Good A"": ""Person 1"",
""Good B"": ""Person 2"",
""Good C"": ""Person 3"",
""Good D"": ""Person 1"",
""Person 1 money"": 0,
""Person 2 money"": 0,
""Person 3 money"": 7
}",0,3,2,1,1,3,4,0
56,"```JSON
{
""Good A"": ""Person 3"",
""Good B"": ""Person 2"",
""Good C"": ""Person 3"",
""Good D"": ""Person 1"",
""Person 1 money"": 3,
""Person 2 money"": 0,
""Person 3 money"": 4
}
```",0,3,2,1,1,2,5,0
57,"{
""Good A"": ""Person 3"",
""Good B"": ""Person 2"",
""Good C"": ""Person 3"",
""Good D"": ""Person 1"",
""Person 1 money"": ""2"",
""Person 2 money"": ""0"",
""Person 3 money"": ""5""
}",0,1,2,3,1,1,5,1
58,"{
""Good A"": ""Person 3"",
""Good B"": ""Person 2"",
""Good C"": ""Person 3"",
""Good D"": ""Person 1"",
""Person 1 money"": 2,
""Person 2 money"": 3,
""Person 3 money"": 2
}",0,3,2,1,1,5,0,2
59,"{
""Good A"": ""Person 3"",
""Good B"": ""Person 2"",
""Good C"": ""Person 3"",
""Good D"": ""Person 1"",
""Person 1 money"": ""3"",
""Person 2 money"": ""0"",
""Person 3 money"": ""4""
}",0,1,2,3,1,2,2,3
60,"{
""Good A"": ""Person 3"",
""Good B"": ""Person 2"",
""Good C"": ""Person 3"",
""Good D"": ""Person 1"",
""Person 1 money"": 3,
""Person 2 money"": 2,
""Person 3 money"": 2
}",0,3,2,1,1,3,4,0
61,"{
""Good A"": ""Person 3"",
""Good B"": ""Person 2"",
""Good C"": ""Person 3"",
""Good D"": ""Person 1"",
""Person 1 money"": ""1"",
""Person 2 money"": ""3"",
""Person 3 money"": ""3""
}",0,3,2,1,1,3,2,2
62,"{
""Good A"": ""Person 3"",
""Good B"": ""Person 2"",
""Good C"": ""Person 3"",
""Good D"": ""Person 1"",
""Person 1 money"": 2,
""Person 2 money"": 4,
""Person 3 money"": 1
}",0,3,1,3,2,3,1,3
63,"{
""Good A"": ""Person 3"",
""Good B"": ""Person 2"",
""Good C"": ""Person 3"",
""Good D"": ""Person 1"",
""Person 1 money"": 2,
""Person 2 money"": 0,
""Person 3 money"": 5
}",0,3,2,3,1,2,0,5
64,"{
""Good A"": ""Person 3"",
""Good B"": ""Person 2"",
""Good C"": ""Person 1"",
""Good D"": ""Person 1"",
""Person 1 money"": 2,
""Person 2 money"": 0,
""Person 3 money"": 5
}",0,3,2,1,1,2,0,5
65,"{
""Good A"": ""Person 3"",
""Good B"": ""Person 2"",
""Good C"": ""Person 3"",
""Good D"": ""Person 1"",
""Person 1 money"": 4,
""Person 2 money"": 1,
""Person 3 money"": 2
}",0,3,2,1,1,3,0,4
66,"{
""Good A"": ""Person 3"",
""Good B"": ""Person 2"",
""Good C"": ""Person 3"",
""Good D"": ""Person 1"",
""Person 1 money"": 0,
""Person 2 money"": 5,
""Person 3 money"": 2
}",0,3,2,1,1,2,3,2
67,"{
""Good A"": ""Person 3"",
""Good B"": ""Person 2"",
""Good C"": ""Person 3"",
""Good D"": ""Person 1"",
""Person 1 money"": 4,
""Person 2 money"": 3,
""Person 3 money"": 0
}",0,3,2,1,1,1,6,0
68,"{
""Good A"": ""Person 3"",
""Good B"": ""Person 2"",
""Good C"": ""Person 3"",
""Good D"": ""Person 1"",
""Person 1 money"": 0,
""Person 2 money"": 1,
""Person 3 money"": 6
}",0,3,2,1,1,3,2,2
69,"{
""Good A"": ""Person 3"",
""Good B"": ""Person 2"",
""Good C"": ""Person 3"",
""Good D"": ""Person 1"",
""Person 1 money"": 0,
""Person 2 money"": 7,
""Person 3 money"": 0
}",0,1,2,3,1,3,4,0
70,"{
""Good A"": ""Person 3"",
""Good B"": ""Person 2"",
""Good C"": ""Person 3"",
""Good D"": ""Person 1"",
""Person 1 money"": 2,
""Person 2 money"": 5,
""Person 3 money"": 0
}",0,3,2,3,1,2,5,0
71,"{
""Good A"": ""Person 3"",
""Good B"": ""Person 2"",
""Good C"": ""Person 1"",
""Good D"": ""Person 1"",
""Person 1 money"": 2,
""Person 2 money"": 0,
""Person 3 money"": 5
}",0,3,2,1,1,2,0,5
72,"{
""Good A"": ""Person 3"",
""Good B"": ""Person 2"",
""Good C"": ""Person 3"",
""Good D"": ""Person 1"",
""Person 1 money"": 7,
""Person 2 money"": 0,
""Person 3 money"": 0
}",0,3,2,1,1,3,4,0
73,"{
""Good A"": ""Person 3"",
""Good B"": ""Person 2"",
""Good C"": ""Person 3"",
""Good D"": ""Person 1"",
""Person 1 money"": 0,
""Person 2 money"": 3,
""Person 3 money"": 4
}",0,3,2,1,3,4,1,2
74,"{
""Good A"": ""Person 3"",
""Good B"": ""Person 2"",
""Good C"": ""Person 3"",
""Good D"": ""Person 1"",
""Person 1 money"": ""3"",
""Person 2 money"": ""1"",
""Person 3 money"": ""3""
}",0,3,2,3,1,3,1,3
75,"{
""Good A"": ""Person 3"",
""Good B"": ""Person 2"",
""Good C"": ""Person 3"",
""Good D"": ""Person 1"",
""Person 1 money"": 2,
""Person 2 money"": 5,
""Person 3 money"": 0
}",0,1,2,3,1,3,2,2
76,"{
""Good A"": ""Person 3"",
""Good B"": ""Person 2"",
""Good C"": ""Person 3"",
""Good D"": ""Person 1"",
""Person 1 money"": 0,
""Person 2 money"": 5,
""Person 3 money"": 2
}",0,3,2,3,1,0,5,2
77,"{
""Good A"": ""Person 3"",
""Good B"": ""Person 2"",
""Good C"": ""Person 1"",
""Good D"": ""Person 1"",
""Person 1 money"": 3,
""Person 2 money"": 2,
""Person 3 money"": 2
}",0,1,2,3,1,1,3,3
78,"{
""Good A"": ""Person 3"",
""Good B"": ""Person 2"",
""Good C"": ""Person 1"",
""Good D"": ""Person 1"",
""Person 1 money"": 4,
""Person 2 money"": 3,
""Person 3 money"": 0
}",0,3,1,2,1,2,5,0
79,"{
""Good A"": ""Person 3"",
""Good B"": ""Person 2"",
""Good C"": ""Person 3"",
""Good D"": ""Person 1"",
""Person 1 money"": 0,
""Person 2 money"": 3,
""Person 3 money"": 4
}",0,2,3,1,1,3,2,2
80,"{
""Good A"": ""Person 3"",
""Good B"": ""Person 2"",
""Good C"": ""Person 3"",
""Good D"": ""Person 1"",
""Person 1 money"": ""6"",
""Person 2 money"": ""1"",
""Person 3 money"": ""0""
}",0,3,2,3,1,6,1,0
81,"{
""Good A"": ""Person 3"",
""Good B"": ""Person 2"",
""Good C"": ""Person 3"",
""Good D"": ""Person 1"",
""Person 1 money"": 3,
""Person 2 money"": 2,
""Person 3 money"": 2
}",0,3,2,3,1,3,2,2
82,"{
""Good A"": ""Person 3"",
""Good B"": ""Person 2"",
""Good C"": ""Person 3"",
""Good D"": ""Person 1"",
""Person 1 money"": 2,
""Person 2 money"": 4,
""Person 3 money"": 1
}",0,3,2,3,1,2,4,1
83,"{
""Good A"": ""Person 3"",
""Good B"": ""Person 2"",
""Good C"": ""Person 3"",
""Good D"": ""Person 1"",
""Person 1 money"": 0,
""Person 2 money"": 7,
""Person 3 money"": 0
}",0,3,2,1,1,3,4,0
84,"{
""Good A"": ""Person 3"",
""Good B"": ""Person 2"",
""Good C"": ""Person 1"",
""Good D"": ""Person 1"",
""Person 1 money"": 0,
""Person 2 money"": 6,
""Person 3 money"": 1
}",0,1,2,3,1,2,3,2
85,"{
""Good A"": ""Person 3"",
""Good B"": ""Person 2"",
""Good C"": ""Person 1"",
""Good D"": ""Person 1"",
""Person 1 money"": 1,
""Person 2 money"": 4,
""Person 3 money"": 2
}",0,3,2,1,1,1,4,2
86,"{
""Good A"": ""Person 3"",
""Good B"": ""Person 2"",
""Good C"": ""Person 1"",
""Good D"": ""Person 3"",
""Person 1 money"": 1,
""Person 2 money"": 4,
""Person 3 money"": 2
}",0,3,2,1,3,1,4,2
87,"{
""Good A"": ""Person 3"",
""Good B"": ""Person 2"",
""Good C"": ""Person 3"",
""Good D"": ""Person 1"",
""Person 1 money"": 1,
""Person 2 money"": 6,
""Person 3 money"": 0
}",0,3,2,1,1,2,5,0
88,"{
""Good A"": ""Person 3"",
""Good B"": ""Person 2"",
""Good C"": ""Person 3"",
""Good D"": ""Person 1"",
""Person 1 money"": 5,
""Person 2 money"": 2,
""Person 3 money"": 0
}",0,3,1,2,1,3,4,0
89,"{
""Good A"": ""Person 3"",
""Good B"": ""Person 2"",
""Good C"": ""Person 3"",
""Good D"": ""Person 1"",
""Person 1 money"": 7,
""Person 2 money"": 0,
""Person 3 money"": 0
}",0,3,2,1,1,3,4,0
90,"{
""Good A"": ""Person 3"",
""Good B"": ""Person 2"",
""Good C"": ""Person 1"",
""Good D"": ""Person 1"",
""Person 1 money"": 5,
""Person 2 money"": 2,
""Person 3 money"": 0
}",0,3,2,1,1,5,2,0
91,"{
""Good A"": ""Person 3"",
""Good B"": ""Person 2"",
""Good C"": ""Person 2"",
""Good D"": ""Person 1"",
""Person 1 money"": 7,
""Person 2 money"": 0,
""Person 3 money"": 0
}",0,3,2,2,1,3,2,2
92,"{
""Good A"": ""Person 3"",
""Good B"": ""Person 2"",
""Good C"": ""Person 3"",
""Good D"": ""Person 1"",
""Person 1 money"": 4,
""Person 2 money"": 2,
""Person 3 money"": 1
}",0,1,2,3,1,3,4,0
93,"{
""Good A"": ""Person 3"",
""Good B"": ""Person 2"",
""Good C"": ""Person 3"",
""Good D"": ""Person 1"",
""Person 1 money"": 1,
""Person 2 money"": 3,
""Person 3 money"": 3
}",0,3,2,3,1,1,3,3
94,"{
""Good A"": ""Person 3"",
""Good B"": ""Person 2"",
""Good C"": ""Person 3"",
""Good D"": ""Person 1"",
""Person 1 money"": 6,
""Person 2 money"": 1,
""Person 3 money"": 0
}",0,3,2,1,1,2,5,0
95,"{
""Good A"": ""Person 1"",
""Good B"": ""Person 2"",
""Good C"": ""Person 3"",
""Good D"": ""Person 1"",
""Person 1 money"": 7,
""Person 2 money"": 0,
""Person 3 money"": 0
}",0,1,2,3,1,7,0,0
96,"{
""Good A"": ""Person 3"",
""Good B"": ""Person 2"",
""Good C"": ""Person 3"",
""Good D"": ""Person 1"",
""Person 1 money"": 0,
""Person 2 money"": 7,
""Person 3 money"": 0
}",0,1,2,3,1,4,1,2
97,"```json
{
""Good A"": ""Person 3"",
""Good B"": ""Person 2"",
""Good C"": ""Person 3"",
""Good D"": ""Person 1"",
""Person 1 money"": 1,
""Person 2 money"": 2,
""Person 3 money"": 4
}
```",0,3,2,3,1,0,3,4
98,"{
""Good A"": ""Person 3"",
""Good B"": ""Person 2"",
""Good C"": ""Person 3"",
""Good D"": ""Person 1"",
""Person 1 money"": 6,
""Person 2 money"": 1,
""Person 3 money"": 0
}",0,3,2,3,1,6,1,0
99,"{
""Good A"": ""Person 3"",
""Good B"": ""Person 2"",
""Good C"": ""Person 3"",
""Good D"": ""Person 1"",
""Person 1 money"": 2,
""Person 2 money"": 5,
""Person 3 money"": 0
}",0,3,2,1,1,3,4,0
