,Text,Tokens,Good A,Good B,Good C,Good D
0,"A classic problem of fair allocation!

After analyzing the values of each person for each good, I have decided on an allocation that I consider to be fair. Here is the allocation in the requested JSON format:

{
""Good A"": ""Person 2"",
""Good B"": ""Person 1"",
""Good C"": ""Person 1"",
""Good D"": ""Person 3""
}

Here's my reasoning:

* Good A: Person 2 values it the highest, so it's allocated to them.
* Good B: Person 1 and Person 2 both value it highly, but Person 1 values it slightly less than Good C. Since Good C is allocated to Person 1 (see below), it's fair to allocate Good B to Person 1 as well, ensuring they don't go empty-handed.
* Good C: Person 1 values it the highest, so it's allocated to them.
* Good D: Person 3 values it the highest among the three, so it's allocated to them.

This allocation tries to give each person a good that they value relatively highly, while also ensuring that no one person gets all the desirable goods.",0,2,1,1,3
1,"A classic problem of fair allocation!

After analyzing the values assigned by each person to each good, I have decided on the following allocation, which I consider to be the fairest:

{
""Good A"": ""Person 2"",
""Good B"": ""Person 1"",
""Good C"": ""Person 1"",
""Good D"": ""Person 3""
}

Here's my thought process:

* Good A: Person 2 values it the most (48), so I allocate it to them.
* Good B: Person 1 values it almost as highly as Person 2 values Good A (45), so I allocate it to Person 1.
* Good C: Person 1 values it highly (47), and since they already received Good B, I allocate Good C to them as well.
* Good D: Person 3 values it the most among the remaining options (20), so I allocate it to them.

This allocation seems fair because each person receives at least one good that they value relatively highly, and no one is left with nothing. Additionally, the total value of the allocated goods is roughly balanced across the three individuals.",0,2,1,1,3
2,"A classic problem of fair allocation!

After analyzing the values of each person for each good, I've decided on the following allocation:

{
""Good A"": ""Person 2"",
""Good B"": ""Person 1"",
""Good C"": ""Person 1"",
""Good D"": ""Person 3""
}

Here's my reasoning:

* Good A: Person 2 values it the highest (48), so I allocate it to them.
* Good B: Person 1 values it the highest (45), so I allocate it to them.
* Good C: Person 1 values it the highest (47), and I've already allocated one good to them, but their value for Good C is significantly higher than the others. So, I allocate it to them as well.
* Good D: Person 3 values it the highest (20), and I haven't allocated anything to them yet, so I allocate it to them.

This allocation seems fair because each person receives at least one good, and the goods are allocated to the person who values them the most. Additionally, the total value of the allocated goods is somewhat balanced across the three individuals.

Please note that this is just one possible allocation, and there may be other fair allocations depending on the specific definition of ""fairness"" used.",0,2,1,1,3
3,"A classic problem of fair allocation!

After analyzing the values of each person for each good, I have decided on the following allocation, which I consider to be the fairest:

{
""Good A"": ""Person 2"",
""Good B"": ""Person 1"",
""Good C"": ""Person 1"",
""Good D"": ""Person 3""
}

Here's my reasoning:

* Good A: Person 2 values it the most (48), so it goes to them.
* Good B: Person 1 values it the most (45), so it goes to them.
* Good C: Person 1 values it the most (47), so it goes to them again (they got two goods!).
* Good D: Person 3 values it the most (20), so it goes to them.

This allocation seems fair because each person gets at least one good, and the goods are allocated to the person who values them the most. Additionally, Person 1 gets two goods, but they are the ones who value Good C the most, and Good B is their second-highest valued good, so it's not like they're getting an unfairly large share of the goods.

Of course, there are many possible allocations, and the concept of ""fairness"" can be subjective. But based on the values provided, this allocation seems like a reasonable and fair solution.",0,2,1,1,3
4,"A classic problem of fair allocation!

After analyzing the values that each person assigns to each good, I will try to find an allocation that is as fair as possible. Here's my proposed allocation:

{
""Good A"": ""Person 2"",
""Good B"": ""Person 1"",
""Good C"": ""Person 1"",
""Good D"": ""Person 3""
}

Here's my reasoning:

* Good A: Person 2 values it the most (48), so it's fair to allocate it to them.
* Good B: Person 1 values it second-highest (45), and since Person 2 already got Good A, it's fair to give Good B to Person 1.
* Good C: Person 1 values it highest (47), and since they already got Good B, it's fair to give Good C to them as well. This way, Person 1 gets two goods that they value highly.
* Good D: Person 3 values it the highest among the three (20), so it's fair to allocate it to them. This way, each person gets at least one good that they value relatively highly.

Note that this allocation is not the only possible fair allocation, and different people might have different opinions on what is fair. However, based on the values provided, I believe this allocation is a reasonable and fair solution.",0,2,1,1,3
5,"After reviewing the values of each person for each good, I have determined the fairest allocation to be:

{
""Good A"": ""Person 2"",
""Good B"": ""Person 1"",
""Good C"": ""Person 1"",
""Good D"": ""Person 3""
}

Here's my reasoning:

* Good A: Person 2 values it the highest, so I allocate it to them.
* Good B: Person 1 values it second-highest overall, and Person 2 already got Good A, so I allocate Good B to Person 1.
* Good C: Person 1 values it highest, and they haven't gotten two goods yet, so I allocate Good C to Person 1.
* Good D: Person 3 values it highest among the remaining people, so I allocate Good D to Person 3.

This allocation seems fair because each person gets at least one good that they value relatively highly, and no one person gets all the high-value goods.",0,2,1,1,3
6,"After analyzing the values of each person for each good, I have determined the fairest allocation to be:

{
""Good A"": ""Person 2"",
""Good B"": ""Person 2"",
""Good C"": ""Person 1"",
""Good D"": ""Person 3""
}

Here's my reasoning:

* Good A: Person 2 values it the highest, so it makes sense to allocate it to them.
* Good B: Again, Person 2 values it the highest, so they get it.
* Good C: Person 1 values it the highest, so they get it.
* Good D: Person 3 values it the highest, so they get it.

This allocation seems fair because each person gets at least one good that they value highly, and no one is left with nothing. Additionally, no good is discarded, which maximizes the overall utility of the allocation.",0,2,2,1,3
7,"After analyzing the values provided by each person, I have determined a fair allocation of the goods. Here is the allocation I propose:

{
""Good A"": ""Person 2"",
""Good B"": ""Person 2"",
""Good C"": ""Person 1"",
""Good D"": ""None""
}

My reasoning is as follows:

* Good A: Person 2 values Good A the most, so it makes sense to allocate it to them.
* Good B: Similar to Good A, Person 2 values Good B highly, and it is the second-highest valued good for them.
* Good C: Person 1 values Good C the most, so it is fair to allocate it to them.
* Good D: Since none of the individuals value Good D highly, it is the least valuable good overall. Rather than allocating it to someone who does not value it much, I have decided to discard it.

This allocation tries to maximize the overall satisfaction of the individuals, taking into account their relative valuations of each good.",0,2,2,1,None
8,"After analyzing the values each person assigns to each good, I have determined a fair allocation. Here is the allocation I propose:

{
""Good A"": ""Person 2"",
""Good B"": ""Person 2"",
""Good C"": ""Person 1"",
""Good D"": ""Person 3""
}

My reasoning is as follows:

* Good A: Person 2 values Good A the highest, so it makes sense to allocate it to them.
* Good B: Person 2 also values Good B highly, and since they already got Good A, it's only fair to give them Good B as well.
* Good C: Person 1 values Good C the highest, so I allocate it to them.
* Good D: While none of the persons value Good D highly, Person 3 values it the most, so I allocate it to them.

This allocation seems fair because each person gets at least one good that they value highly, and no one is left without a good. Additionally, this allocation takes into account the relative values each person assigns to each good, trying to maximize the overall satisfaction of all individuals involved.",0,2,2,1,3
9,"After analyzing the values provided by each person, I have determined a fair allocation of the goods. Here is the allocation I propose:

{
""Good A"": ""Person 2"",
""Good B"": ""Person 2"",
""Good C"": ""Person 1"",
""Good D"": ""None""
}

Here's my reasoning:

* Good A: Person 2 values it the most (48), so it's allocated to them.
* Good B: Person 2 also values it highly (45), and since they didn't get Good C (which they valued lowly), it's fair to allocate Good B to them as well.
* Good C: Person 1 values it the most (47), so it's allocated to them.
* Good D: No one values it highly, and the highest value is 20 from Person 3, which is relatively low compared to the other values. To avoid allocating a good to someone who doesn't value it much, I decided to discard Good D.

This allocation tries to balance the values and preferences of each person, ensuring that each person gets at least one good they value highly, while also considering the relative values of each good to each person.",0,2,2,1,None
10,"After analyzing the values assigned by each person to each good, I have decided on the following allocation:

{
""Good A"": ""Person 2"",
""Good B"": ""Person 1"",
""Good C"": ""Person 1"",
""Good D"": ""Person 3""
}

Here's my reasoning:

* Good A: Person 2 values it the highest, so I allocate it to them.
* Good B: Person 1 values it the second-highest, and since they haven't been allocated Good A, I allocate it to them.
* Good C: Person 1 values it the highest, and since they've already been allocated Good B, I allocate Good C to them as well. This way, they get two goods that they value highly.
* Good D: Person 3 values it the highest among the remaining persons, so I allocate it to them.

This allocation tries to balance the values assigned by each person to each good, ensuring that each person gets at least one good that they value highly.",0,2,1,1,3
11,"A fairness dilemma!

After analyzing the values provided by each person, I've decided on an allocation that I consider fair. Here's my decision:

{
""Good A"": ""Person 2"",
""Good B"": ""Person 2"",
""Good C"": ""Person 1"",
""Good D"": ""Person 3""
}

My reasoning is as follows:

* Good A: Person 2 values it the highest, so it's allocated to them.
* Good B: Person 2 also values Good B highly, and it's the second-highest value among all persons. Allocating it to Person 2 ensures that they receive two goods that they value significantly.
* Good C: Person 1 values Good C highly, and it's their highest-valued good. Allocating it to them ensures that they receive a good that they value significantly.
* Good D: Person 3 values Good D the highest among the three, so it's allocated to them. Although their value is not extremely high, it's still the best option to ensure that Person 3 receives at least one good.

This allocation attempts to balance the satisfaction of each person, considering their individual valuations and maximizing the overall happiness. Of course, there are other possible allocations, and the concept of fairness can be subjective, but this is my attempt to find a reasonable solution.",0,2,2,1,3
12,"After analyzing the values of each person for each good, I have determined the fairest allocation to be:

{
""Good A"": ""Person 2"",
""Good B"": ""Person 2"",
""Good C"": ""Person 1"",
""Good D"": ""Person 3""
}

Here's my reasoning:

* Good A: Person 2 values Good A the most, so it's fair to allocate it to them.
* Good B: Person 2 also values Good B highly, and since they already got Good A, it's fair to give them Good B as well, as it's their second-highest valued good.
* Good C: Person 1 values Good C very highly, and since they didn't get Good A or Good B, it's fair to allocate Good C to them.
* Good D: Person 3 values Good D the most among the three, so it's fair to allocate it to them.

This allocation seems fair because each person gets a good that they value relatively highly, and no one gets more than one good that is significantly more valuable to them than the others.",0,2,2,1,3
13,"After analyzing the values provided by each person, I've determined the fairest allocation to be:

{
""Good A"": ""Person 2"",
""Good B"": ""Person 2"",
""Good C"": ""Person 1"",
""Good D"": ""Person 3""
}

Here's my reasoning:

* Good A: Person 2 values it the most, so it makes sense to allocate it to them.
* Good B: Person 2 also values Good B the most, and since they already received Good A, it's fair to give them Good B as well.
* Good C: Person 1 values Good C the most, and since they didn't receive Good A or Good B, it's fair to allocate Good C to them.
* Good D: Person 3 values Good D the most among the remaining people, so it's fair to allocate it to them.

This allocation tries to balance the overall satisfaction of each person, taking into account their individual values for each good. Of course, there are other possible allocations, but this one seems to be the most fair and reasonable given the provided values.",0,2,2,1,3
14,"After analyzing the values provided by each person, I have determined an allocation that I consider to be fair. Here is the allocation in the requested JSON format:

{
""Good A"": ""Person 2"",
""Good B"": ""Person 2"",
""Good C"": ""Person 1"",
""Good D"": ""Person 3""
}

Here's the reasoning behind my allocation:

* Good A: Person 2 values Good A the highest, so I allocate it to them.
* Good B: Person 2 also values Good B very highly, and since they already got Good A, I allocate Good B to them as well to maximize their utility.
* Good C: Person 1 values Good C the highest, so I allocate it to them to ensure they receive a good that is highly valued by them.
* Good D: Person 3 values Good D the highest among the remaining options, so I allocate it to them to ensure they receive a good that is relatively highly valued by them.

This allocation tries to balance the utilities of each person, ensuring that each person receives at least one good that is highly valued by them. Note that this allocation is not unique, and there may be other allocations that could be considered fair as well.",0,2,2,1,3
15,"After analyzing the values each person has for each good, I have determined a fair allocation to be:

{
""Good A"": ""Person 2"",
""Good B"": ""Person 1"",
""Good C"": ""Person 1"",
""Good D"": ""Person 3""
}

Here's my reasoning:

* Good A is most valuable to Person 2, so it's fair to allocate it to them.
* Good B is most valuable to Person 1, so it's fair to allocate it to them.
* Good C is also most valuable to Person 1, so it's fair to allocate it to them as well. This allocation also makes sense because Person 1 gets two goods that they value highly, but not the most valuable good overall (Good A).
* Good D is most valuable to Person 3, although all persons value it relatively lowly. It's fair to allocate it to Person 3 to give them some benefit from the allocation process.

This allocation seems fair because each person gets at least one good that they value relatively highly, and no person gets all the goods or is left with nothing.",0,2,1,1,3
16,"A classic fairness problem!

After analyzing the values of each person for each good, I've decided on the following allocation, which I consider to be the fairest:

{
""Good A"": ""Person 2"",
""Good B"": ""Person 1"",
""Good C"": ""Person 1"",
""Good D"": ""Person 3""
}

Here's my reasoning:

* Good A: Person 2 values it the most, so it makes sense to allocate it to them.
* Good B: Person 1 values it highly, and since Person 2 already got Good A, it's fair to give Good B to Person 1.
* Good C: Person 1 values it highly, and since they already got Good B, it's fair to give Good C to them as well.
* Good D: Person 3 values it the most among the remaining persons, so it's fair to allocate it to them.

This allocation ensures that each person gets at least one good that they value highly, and no one is left without a good.",0,2,1,1,3
17,"After analyzing the values assigned by each person to each good, I have decided on the following allocation:

{
""Good A"": ""Person 2"",
""Good B"": ""Person 2"",
""Good C"": ""Person 1"",
""Good D"": ""Person 3""
}

Here's my reasoning:

* Good A: Person 2 values Good A the most (48), so it's fairest to allocate it to them.
* Good B: Person 2 also values Good B highly (45), and it's their second-highest valued good. Since they already got Good A, it's fairest to give them Good B as well.
* Good C: Person 1 values Good C the most (47), so it's fairest to allocate it to them.
* Good D: Person 3 values Good D the highest among the three (20), so it's fairest to allocate it to them. Although it's not a very high value, it's still better to give it to someone who values it rather than discarding it.

This allocation seems fair because each person gets a good that they value relatively highly, and no one is left empty-handed.",0,2,2,1,3
18,"After analyzing the values of each person for each good, I would propose the following allocation as the fairest:

{
""Good A"": ""Person 2"",
""Good B"": ""Person 1"",
""Good C"": ""Person 1"",
""Good D"": ""Person 3""
}

Here's my reasoning:

* Good A: Person 2 values it the highest (48), so it's allocated to them.
* Good B: Person 1 values it the highest (45), so it's allocated to them.
* Good C: Person 1 values it the highest (47), so it's allocated to them.
* Good D: Person 3 values it the highest (20), so it's allocated to them.

This allocation seems fair because each person receives at least one good that they value highly, and no good is allocated to more than one person. Of course, this is just one possible allocation, and there may be other reasonable alternatives.",0,2,1,1,3
19,"After analyzing the values each person has for each good, I have determined the fairest allocation to be:

{
""Good A"": ""Person 2"",
""Good B"": ""Person 2"",
""Good C"": ""Person 1"",
""Good D"": ""Person 3""
}

My reasoning is as follows:

* Good A: Person 2 values Good A the highest, so it makes sense to allocate it to them.
* Good B: Person 2 also values Good B highly, and since they already received Good A, it's fair to give them Good B as well, as it means they get two goods they highly value.
* Good C: Person 1 values Good C the highest, so it's allocated to them.
* Good D: Person 3 values Good D the highest among the remaining individuals, so it's allocated to them.

This allocation seems fair because each person gets at least one good that they highly value, and no one is left empty-handed. Of course, there may be other fair allocations, but this one appears to be a reasonable solution.",0,2,2,1,3
20,"After analyzing the values of each person for each good, I have determined a fair allocation based on the following reasoning:

**Good A**: Person 2 values Good A the most (48), so I allocate Good A to Person 2.

**Good B**: Person 2 also values Good B highly (45), but Person 1 values it almost as much (5). To balance things out, I allocate Good B to Person 1.

**Good C**: Person 1 values Good C the most (47), so I allocate Good C to Person 1.

**Good D**: None of the persons have a high value for Good D. To avoid wastage, I allocate Good D to Person 3, who values it the most among the three (20).

Here is the allocation in JSON format:
```
{
  ""Good A"": ""Person 2"",
  ""Good B"": ""Person 1"",
  ""Good C"": ""Person 1"",
  ""Good D"": ""Person 3""
}
```
This allocation seems fair as each person gets at least one good that they value relatively highly, and no good is discarded.",0,2,1,1,3
21,"After considering the values each person has for each good, I have come up with the following allocation:

{
""Good A"": ""Person 2"",
""Good B"": ""Person 2"",
""Good C"": ""Person 1"",
""Good D"": ""None""
}

Here's my reasoning:

* Good A: Person 2 values it the most, so it goes to them.
* Good B: Again, Person 2 values it the most, so it goes to them.
* Good C: Person 1 values it the most, so it goes to them.
* Good D: None of the persons value it highly, so it's discarded to avoid unfairly allocating it to someone who doesn't value it much.

This allocation tries to maximize the overall satisfaction or happiness of the individuals, by giving each good to the person who values it the most.",0,2,2,1,None
22,"After analyzing the values of each person for each good, I have determined the fairest allocation to be:

{
""Good A"": ""Person 2"",
""Good B"": ""Person 1"",
""Good C"": ""Person 1"",
""Good D"": ""Person 3""
}

Here's my reasoning:

* Good A: Person 2 values Good A the most, so it's fair to allocate it to them.
* Good B: Although Person 2 values Good B highly, Person 1 values it almost as much, and allocating it to Person 1 would make their overall allocation more balanced.
* Good C: Person 1 values Good C the most, and since they already received Good B, it's fair to allocate Good C to them as well.
* Good D: Person 3 values Good D the most among the remaining goods, so it's fair to allocate it to them.

This allocation seems fair because it takes into account the relative values each person places on each good and distributes the goods in a way that attempts to maximize overall satisfaction.",0,2,1,1,3
23,"After analyzing the values provided, I have determined the fairest allocation to be:

{
""Good A"": ""Person 2"",
""Good B"": ""Person 2"",
""Good C"": ""Person 1"",
""Good D"": ""Person 3""
}

Here's the reasoning behind my allocation:

* Good A: Person 2 values it the highest, so it goes to them.
* Good B: Again, Person 2 values it the highest, so it goes to them as well.
* Good C: Person 1 values it the highest, so it goes to them.
* Good D: Person 3 values it the highest among the remaining persons, so it goes to them.

This allocation seems fair as each person receives the good that they value the most, and the overall satisfaction is maximized.",0,2,2,1,3
24,"After analyzing the values of each person for each good, I have determined the fairest allocation to be:

{
""Good A"": ""Person 2"",
""Good B"": ""Person 1"",
""Good C"": ""Person 1"",
""Good D"": ""Person 3""
}

Here's my reasoning:

* Good A: Person 2 values Good A the most, so it's fair to allocate it to them.
* Good B: Person 1 values Good B highly, and since Person 2 already got Good A, it's fair to give Good B to Person 1.
* Good C: Person 1 values Good C highly, and since they already got Good B, it's fair to give Good C to them as well.
* Good D: Person 3 values Good D the most among the remaining persons, so it's fair to give it to them.

This allocation seems fair as each person gets a good that they value relatively highly, and no person gets multiple goods that others value much more.",0,2,1,1,3
25,"What a lovely problem!

After analyzing the values of each good for each person, I've decided on the following allocation, which I believe is a fair one:

```
{
  ""Good A"": ""Person 2"",
  ""Good B"": ""Person 2"",
  ""Good C"": ""Person 1"",
  ""Good D"": ""Person 3""
}
```

Here's my reasoning:

* Good A: Person 2 values Good A the highest, so it makes sense to allocate it to them.
* Good B: Again, Person 2 values Good B very highly, and since we've already allocated Good A to them, we can give them Good B as well, as it won't leave anyone else with nothing.
* Good C: Person 1 values Good C the highest, so we allocate it to them.
* Good D: This is a tough one, as all values are relatively low. However, Person 3's value is the highest, so we allocate it to them.

This allocation attempts to maximize the overall value of the goods to the individuals, while ensuring that each person receives at least one good (or none, if that's the best option). Of course, there are other possible allocations, but I believe this one is a fair and reasonable choice.",0,2,2,1,3
26,"After analyzing the values provided by each person, I have determined the fairest allocation to be:

{
""Good A"": ""Person 2"",
""Good B"": ""Person 2"",
""Good C"": ""Person 1"",
""Good D"": ""Person 3""
}

Here's my reasoning:

* Good A: Person 2 values Good A the most, so it's allocated to them.
* Good B: Person 2 values Good B highly as well, and since they already got Good A, it's only fair to give them Good B to maximize their overall satisfaction.
* Good C: Person 1 values Good C the most, so it's allocated to them.
* Good D: Person 3 values Good D the highest among the remaining persons, so it's allocated to them.

This allocation seems fair because each person gets at least one good that they value relatively highly, and the overall satisfaction is distributed relatively evenly.",0,2,2,1,3
27,"After analyzing the values of each person for each good, I have decided on the following allocation:

{
""Good A"": ""Person 2"",
""Good B"": ""Person 1"",
""Good C"": ""Person 1"",
""Good D"": ""Person 3""
}

My reasoning is as follows:

* Good A: Person 2 values Good A the highest, so it makes sense to allocate it to them.
* Good B: Person 1 values Good B the highest, so it makes sense to allocate it to them.
* Good C: Person 1 also values Good C the highest, so it makes sense to allocate it to them. This way, Person 1 gets two goods that they value highly.
* Good D: Person 3 values Good D the highest among the remaining persons, so it makes sense to allocate it to them.

This allocation seems fair as it takes into account the preferences of each person and tries to maximize the overall satisfaction. However, it's worth noting that there are many possible allocations, and what one person considers fair may not be the same for another.",0,2,1,1,3
28,"After examining the values provided by each person, I have determined a fair allocation of the goods. Here is the allocation I propose:

{
""Good A"": ""Person 2"",
""Good B"": ""Person 2"",
""Good C"": ""Person 1"",
""Good D"": ""None""
}

My reasoning is as follows:

* Good A: Person 2 values Good A the highest, so it makes sense to allocate it to them.
* Good B: Person 2 also values Good B highly, and since they already got Good A, it's only fair to give them Good B as well, as it maximizes overall value for them.
* Good C: Person 1 values Good C the highest, so it's fair to allocate it to them.
* Good D: Since no one values Good D highly, and allocating it to anyone would not make a significant difference, I have chosen to discard it to avoid potential dissatisfaction.

This allocation takes into account the relative values each person has for each good and aims to maximize overall satisfaction while being fair and reasonable.",0,2,2,1,None
29,"A classic problem of fair allocation!

After analyzing the values that each person assigns to each good, I've decided on the following allocation, which I believe is the fairest:

{
""Good A"": ""Person 2"",
""Good B"": ""Person 1"",
""Good C"": ""Person 1"",
""Good D"": ""Person 3""
}

Here's my reasoning:

* Good A: Person 2 values Good A the highest, so it goes to them.
* Good B: Person 1 values Good B the highest, so it goes to them.
* Good C: Person 1 values Good C the highest, and since they already have Good B, giving them Good C as well seems fair.
* Good D: Person 3 values Good D the highest, so it goes to them.

This allocation tries to balance the distribution of goods among the three individuals, taking into account each person's relative valuations. Of course, there are other possible allocations, but I believe this one is a reasonable and fair solution.",0,2,1,1,3
30,"After analyzing the values provided by each person, I have determined the fairest allocation to be:

{
""Good A"": ""Person 2"",
""Good B"": ""Person 1"",
""Good C"": ""Person 1"",
""Good D"": ""Person 3""
}

My reasoning is as follows:

* Good A: Person 2 has the highest value for Good A, so it's allocated to them.
* Good B: Person 1 has the second-highest value for Good B, and since they didn't get Good A, it's allocated to them to balance out the distribution.
* Good C: Person 1 has the highest value for Good C, and since they already got Good B, it's allocated to them to maximize overall satisfaction.
* Good D: Person 3 has the highest value for Good D among the remaining options, so it's allocated to them to ensure they receive at least one good.

This allocation attempts to balance out the distribution of goods among the three persons, taking into account their individual preferences and values.",0,2,1,1,3
31,"After examining the values each person assigns to each good, I've decided on the following allocation:

{
""Good A"": ""Person 2"",
""Good B"": ""Person 1"",
""Good C"": ""Person 1"",
""Good D"": ""Person 3""
}

Here's my thought process:

* Good A: Person 2 values it the most, so it goes to them.
* Good B: Person 1 values it the most among the remaining persons, so it goes to them.
* Good C: Person 1 values it the most among the remaining persons, so it goes to them as well.
* Good D: Person 3 values it the most among the remaining persons, so it goes to them.

This allocation seems fair because each person gets at least one good that they value relatively highly. Person 1 gets two goods they value highly (Good B and Good C), Person 2 gets the good they value the most (Good A), and Person 3 gets the good they value the most among the remaining goods (Good D).",0,2,1,1,3
32,"After analyzing the values provided by each person, I have determined the fairest allocation to be:

{
""Good A"": ""Person 2"",
""Good B"": ""Person 2"",
""Good C"": ""Person 1"",
""Good D"": ""Person 3""
}

Here's my thought process:

* Good A: Person 2 values it the most (48), so it's fairest to give it to them.
* Good B: Again, Person 2 values it the most (45), so it's fairest to give it to them. This way, Person 2 gets two goods they highly value.
* Good C: Person 1 values it the most (47), so it's fairest to give it to them.
* Good D: Person 3 values it the most (20), and since they didn't get any of the other highly valued goods, it's fairest to give it to them. This way, Person 3 gets at least one good they value relatively highly.

This allocation seems fair because each person gets at least one good they value relatively highly, and no one is left without any goods.",0,2,2,1,3
33,"After analyzing the values of each person for each good, I have determined the fairest allocation to be:

{
""Good A"": ""Person 2"",
""Good B"": ""Person 1"",
""Good C"": ""Person 1"",
""Good D"": ""Person 3""
}

Here's my reasoning:

* Good A: Person 2 values it the most at 48, so I allocate it to them.
* Good B: Person 1 values it second-highest at 45, so I allocate it to them.
* Good C: Person 1 values it the most at 47, so I allocate it to them.
* Good D: Person 3 values it the highest at 20, and since the other two persons have relatively low values for it, I allocate it to them.

This allocation seems fair as it gives each person a good that they value highly, and no person gets a good that they value very low.",0,2,1,1,3
34,"After analyzing the values that each person assigns to each good, I have determined a fair allocation as follows:

{
""Good A"": ""Person 2"",
""Good B"": ""Person 1"",
""Good C"": ""Person 1"",
""Good D"": ""Person 3""
}

Here's my reasoning:

* Good A: Person 2 values Good A the most, so it's only fair to allocate it to them.
* Good B: Person 1 values Good B highly, and since Person 2 already got Good A, allocating Good B to Person 1 seems fair.
* Good C: Person 1 also values Good C highly, and since they already got Good B, allocating Good C to them as well seems reasonable.
* Good D: Person 3 values Good D the most among the three, so it's fair to allocate it to them.

This allocation seems fair because each person gets at least one good that they value highly, and no one gets a good that they don't value much.",0,2,1,1,3
35,"A classic problem of fair allocation!

After analyzing the values of each person for each good, I've decided on the following allocation:

{
""Good A"": ""Person 2"",
""Good B"": ""Person 1"",
""Good C"": ""Person 1"",
""Good D"": ""Person 3""
}

Here's my reasoning:

* Good A: Person 2 values it the most, so it's allocated to them.
* Good B: Person 1 values it the most, so it's allocated to them.
* Good C: Person 1 values it the most, so it's allocated to them. This also ensures that Person 1 gets two goods, which is a fair distribution given their high values for these goods.
* Good D: Person 3 values it the most among the remaining persons, so it's allocated to them.

This allocation tries to maximize the total value of the goods allocated, while also ensuring that each person gets at least one good (except for Person 2, who values Good A very highly).",0,2,1,1,3
36,"After analyzing the values each person assigns to each good, I have determined the fairest allocation to be:

{
""Good A"": ""Person 2"",
""Good B"": ""Person 2"",
""Good C"": ""Person 1"",
""Good D"": ""None""
}

Here's my reasoning:

* Good A: Person 2 values Good A the highest, so it's fair to allocate it to them.
* Good B: Person 2 also values Good B highly, and since they got Good A, it's fair to give them Good B as well.
* Good C: Person 1 values Good C the highest, so it's fair to allocate it to them.
* Good D: Since no one values Good D highly (the highest value is 20 from Person 3), it's fair to discard it and not allocate it to anyone.

This allocation seems fair because each person gets a good that they value highly, and the person who values Good D the highest (Person 3) still doesn't value it enough to justify allocating it to them.",0,2,2,1,None
37,"A classic problem of fair allocation!

After analyzing the values assigned by each person to each good, I've decided on the following allocation, which I consider to be the fairest:

{
""Good A"": ""Person 2"",
""Good B"": ""Person 1"",
""Good C"": ""Person 1"",
""Good D"": ""Person 3""
}

Here's my reasoning:

* Good A is valued the highest by Person 2, so it makes sense to allocate it to them.
* Good B is valued highest by Person 1 and Person 2, but since Person 2 already received Good A, I'll allocate Good B to Person 1 to ensure a fair distribution.
* Good C is also valued highly by Person 1, so I'll allocate it to them to maximize their overall happiness.
* Good D is not highly valued by anyone, but Person 3 values it the most, so I'll allocate it to them to ensures that everyone receives at least one good.

This allocation tries to balance the overall happiness and satisfaction of each person, while also taking into account the relative values assigned to each good. Of course, there may be other reasonable allocations, but this is the one that seems fairest to me.",0,2,1,1,3
38,"A classic problem of fair allocation!

After analyzing the values that each person places on each good, I have decided on the following allocation:

{
""Good A"": ""Person 2"",
""Good B"": ""Person 2"",
""Good C"": ""Person 1"",
""Good D"": ""Person 3""
}

Here's my reasoning:

* Good A: Person 2 values it the most (48), so it's fair to allocate it to them.
* Good B: Person 2 also values it highly (45), and since they already got Good A, it's consistent to give them Good B as well.
* Good C: Person 1 values it the most (47), so it's fair to allocate it to them.
* Good D: Person 3 values it the most (20), so it's fair to allocate it to them.

This allocation seems reasonable to me because each person gets at least one good that they value highly, and no good is wasted (i.e., none are discarded). Of course, there are many possible allocations that could be considered ""fair,"" but this one seems like a plausible solution.",0,2,2,1,3
39,"A classic resource allocation problem!

After analyzing the values provided by each person, I've made a decision on what I consider to be a fair allocation. Here's my chosen allocation in the requested JSON format:

{
""Good A"": ""Person 2"",
""Good B"": ""Person 1"",
""Good C"": ""Person 1"",
""Good D"": ""Person 3""
}

Here's my thought process:

* Good A: Person 2 values Good A the most among the three individuals (48), so it makes sense to allocate it to them.
* Good B: Person 1 values Good B highly (45), and since they won't receive Good A, it's fair to give them Good B.
* Good C: Person 1 values Good C the most among the three (47), so it's reasonable to allocate it to them as well.
* Good D: Person 3 values Good D the highest among the three (20), and since they didn't receive any of the other goods, it's fair to give them Good D.

I considered various other allocations, but this one seems to strike a balance between maximizing overall utility and ensuring that each person receives a good that they value relatively highly. Of course, there are other plausible allocations, but this one appears to me to be a reasonable and fair solution.",0,2,1,1,3
40,"After analyzing the values provided by each person, I have determined the fairest allocation to be:

{
""Good A"": ""Person 2"",
""Good B"": ""Person 2"",
""Good C"": ""Person 1"",
""Good D"": ""Person 3""
}

Here's the reasoning behind my allocation:

* Good A: Person 2 values Good A the highest, so it's allocated to them.
* Good B: Person 2 also values Good B highly, and since they already got Good A, it's fair to give them Good B as well, as it would make them the happiest.
* Good C: Person 1 values Good C the highest, and since they didn't get Good A or Good B, it's fair to allocate Good C to them.
* Good D: Person 3 values Good D the highest among the remaining people, so it's allocated to them.

This allocation seems fair as each person receives a good that they value highly, and no one is left empty-handed.",0,2,2,1,3
41,"After analyzing the values provided by each person, I've decided on the following allocation:

{
""Good A"": ""Person 2"",
""Good B"": ""Person 1"",
""Good C"": ""Person 1"",
""Good D"": ""Person 3""
}

Here's my reasoning:

* Good A is allocated to Person 2 because they have the highest value for it (48).
* Good B is allocated to Person 1 because they have the second-highest value for it (45), and Person 2 already got Good A.
* Good C is allocated to Person 1 because they have the highest value for it (47), and they didn't get Good A.
* Good D is allocated to Person 3 because they have the highest value for it (20), although it's a relatively low value compared to the others. I chose to allocate it to Person 3 instead of discarding it because it still has some value to them.

This allocation seems fair to me because each person gets at least one good that they value highly, and no one is left without any goods.",0,2,1,1,3
42,"After analyzing the values assigned by each person to each good, I have determined what I consider to be the fairest allocation. Here it is in the requested JSON format:

{
""Good A"": ""Person 2"",
""Good B"": ""Person 1"",
""Good C"": ""Person 1"",
""Good D"": ""Person 3""
}

Here's my reasoning:

* Good A: Person 2 values it the most, so it's fair to allocate it to them.
* Good B: Person 1 values it the most among the remaining individuals, so it's fair to allocate it to them.
* Good C: Person 1 values it the most among the remaining individuals, so it's fair to allocate it to them as well.
* Good D: Person 3 values it the most among the remaining individuals, so it's fair to allocate it to them.

This allocation seems fair because each person receives a good that they value highly, and no one is left with a good that they value very little. Additionally, this allocation maximizes the total value derived from the goods, which is 45 + 45 + 47 + 20 = 157.",0,2,1,1,3
43,"A classic problem in social choice theory!

After analyzing the values of each person for each good, I've decided on an allocation that I consider to be the fairest. Here's my decision:

{
""Good A"": ""Person 2"",
""Good B"": ""Person 2"",
""Good C"": ""Person 1"",
""Good D"": ""None""
}

Here's my reasoning:

* Good A: Person 2 values it the most (48), so it goes to them.
* Good B: Person 2 also values it highly (45), and it's their second-highest valuation. Allocating it to them makes sense, as they seem to value both A and B highly.
* Good C: Person 1 values it the most (47), so it goes to them.
* Good D: None of the persons value it highly, so I've decided to discard it. Allocating it to anyone would not make a significant difference in their overall satisfaction.

This allocation seems fair because each person gets at least one good that they value highly, and no one gets a good that they value very low. Of course, this is just one possible allocation, and different fairness criteria might lead to different results.",0,2,2,1,None
44,"After analyzing the values provided by each person, I've determined an allocation that I consider to be the fairest. Here it is:

{
""Good A"": ""Person 2"",
""Good B"": ""Person 1"",
""Good C"": ""Person 1"",
""Good D"": ""Person 3""
}

Here's my reasoning:

* Good A: Person 2 values it the highest, so it's fairest to allocate it to them.
* Good B: Person 1 values it second-highest, and since they didn't get Good A, it's fairest to allocate Good B to them.
* Good C: Person 1 values it highest, and since they already got Good B, it's fairest to allocate Good C to them as well. This way, Person 1 gets two goods that they value highly.
* Good D: Person 3 values it highest, so it's fairest to allocate it to them.

This allocation tries to balance the distribution of goods among the three persons, taking into account the varying values each person has for each good.",0,2,1,1,3
45,"After analyzing the values provided by each person for each good, I've determined what I consider to be a fair allocation. Here is the allocation in the requested JSON format:

{
""Good A"": ""Person 2"",
""Good B"": ""Person 2"",
""Good C"": ""Person 1"",
""Good D"": ""Person 3""
}

My reasoning is as follows:

* Good A: Person 2 values Good A the highest, so it's fair to allocate it to them.
* Good B: Person 2 also values Good B highly, and it's their second-highest valued good. Since Good A is already allocated to them, it's fair to give them Good B as well.
* Good C: Person 1 values Good C the highest, and it's their second-highest valued good. Since Good A is already allocated to Person 2, it's fair to give Good C to Person 1.
* Good D: Person 3 values Good D the highest among the three, so it's fair to allocate it to them.

This allocation seems fair because each person receives a good that they value relatively highly, and no one is left without a good.",0,2,2,1,3
46,"After analyzing the values, I have decided on the following allocation:

{
""Good A"": ""Person 2"",
""Good B"": ""Person 1"",
""Good C"": ""Person 1"",
""Good D"": ""None""
}

Here's my reasoning:

* Good A: Person 2 values it the most, so it seems fairest to allocate it to them.
* Good B: Person 1 values it highly, and Person 2 already got Good A, so it's fair to allocate Good B to Person 1.
* Good C: Person 1 also values it highly, and allocating it to them seems fair given that Person 2 already got Good A.
* Good D: None of the persons value it highly, and it's not clear who would benefit the most from it. To avoid any potential unfairness, I've decided to discard it.

This allocation attempts to balance the values and needs of each person, ensuring that each person gets at least one good that they value highly, while also avoiding any significant inefficiencies.",0,2,1,1,None
47,"A classic problem of fair allocation!

After analyzing the values of each person for each good, I have determined what I consider to be the fairest allocation:

{
""Good A"": ""Person 2"",
""Good B"": ""Person 2"",
""Good C"": ""Person 1"",
""Good D"": ""Person 3""
}

Here's my reasoning:

1. Good A: Person 2 values Good A the most, so it's fair to give it to them.
2. Good B: Person 2 also values Good B highly, and since they already got Good A, it's only fair to give them Good B as well.
3. Good C: Person 1 values Good C the most, and since they didn't get Good A or Good B, it's fair to give them Good C.
4. Good D: Person 3 values Good D the most among the remaining persons, so it's fair to give it to them.

This allocation ensures that each person gets at least one good that they value highly, and no good is left unallocated or discarded.",0,2,2,1,3
48,"After analyzing the values provided by each person, I have determined the allocation that I consider to be the fairest. Here is the allocation in the requested JSON format:

{
""Good A"": ""Person 2"",
""Good B"": ""Person 1"",
""Good C"": ""Person 1"",
""Good D"": ""Person 3""
}

My reasoning for this allocation is as follows:

* Good A is allocated to Person 2, who values it the highest (48).
* Good B is allocated to Person 1, who values it highly (45) and is the second-highest valuer of Good B.
* Good C is allocated to Person 1, who values it highly (47) and is the highest valuer of Good C.
* Good D is allocated to Person 3, who values it the highest (20), although it's not a high value in absolute terms.

This allocation attempts to maximize the total value achieved by the individuals while ensuring that each person receives at least one good. It also takes into account the relative values of each good to each person, trying to allocate the goods to the persons who value them the most.",0,2,1,1,3
49,"What a great problem!

After analyzing the values of each person for each good, I have decided on the following allocation, which I believe is the fairest:

```
{
""Good A"": ""Person 2"",
""Good B"": ""Person 1"",
""Good C"": ""Person 1"",
""Good D"": ""None""
}
```

Here's my reasoning:

* Good A: Person 2 values it the most (48), so it goes to them.
* Good B: Person 1 values it the second-most (45), so it goes to them.
* Good C: Person 1 values it the most (47), so it goes to them as well.
* Good D: None of the persons value it highly (max value is 20), so it's not worth allocating, and I'll discard it.

This allocation seems fair because each person gets a good that they value highly, and no person gets multiple goods. Of course, this is just one possible solution, and there may be other fair allocations depending on the criteria used.",0,2,1,1,None
50,"After analyzing the values provided by each person for each good, I've decided on the following allocation:

{
""Good A"": ""Person 2"",
""Good B"": ""Person 2"",
""Good C"": ""Person 1"",
""Good D"": ""Person 3""
}

Here's my reasoning:

* Good A: Person 2 values it the most, so it's allocated to them.
* Good B: Person 2 also values it highly, and since they didn't get Good C (which Person 1 values highly), it's fair to give them Good B as well.
* Good C: Person 1 values it the most, so it's allocated to them.
* Good D: Person 3 values it the most among the remaining persons, so it's allocated to them.

This allocation seems fair because each person gets at least one good that they value highly, and no one is left empty-handed. Additionally, the total value of goods allocated to each person is somewhat balanced: Person 1 gets a good worth 47, Person 2 gets goods worth 48 + 45 = 93, and Person 3 gets a good worth 20.",0,2,2,1,3
51,"After analyzing the values provided by each person, I have determined the fairest allocation to be:

{
""Good A"": ""Person 2"",
""Good B"": ""Person 2"",
""Good C"": ""Person 1"",
""Good D"": ""None""
}

Here's my reasoning:

* Good A: Person 2 values it the most, so I allocate it to them.
* Good B: Again, Person 2 values it the most, so I allocate it to them as well.
* Good C: Person 1 values it the most, so I allocate it to them.
* Good D: None of the persons value it highly, so I choose to discard it (allocate it to ""None"") to avoid allocating a good that is not highly valued by anyone.

This allocation seems fair as it gives each person a good that they value highly, and discards a good that is not highly valued by anyone.",0,2,2,1,None
52,"After analyzing the values of each person for each good, I have determined the fairest allocation to be:

{
""Good A"": ""Person 2"",
""Good B"": ""Person 1"",
""Good C"": ""Person 1"",
""Good D"": ""None""
}

Here's my reasoning:

* Good A is allocated to Person 2, because they value it the most (48).
* Good B is allocated to Person 1, because they value it the second most (45).
* Good C is allocated to Person 1, because they value it the most (47).
* Good D is not allocated to anyone, because none of the persons value it highly (maximum value is 20 for Person 3). It's better to discard it rather than allocating it to someone who doesn't value it much.

This allocation tries to maximize the total value of the goods allocated, while also taking into account the relative values of each person for each good.",0,2,1,1,None
53,"A classic problem in resource allocation!

After analyzing the values assigned by each person to each good, I've decided on an allocation that I consider to be the fairest. Here's my chosen allocation in the requested JSON format:

{
""Good A"": ""Person 2"",
""Good B"": ""Person 1"",
""Good C"": ""Person 1"",
""Good D"": ""Person 3""
}

Here's my reasoning:

* Good A: Person 2 values Good A the most (48), so it's allocated to them.
* Good B: Person 1 values Good B highly (45), and since Person 2 already received Good A, it's allocated to Person 1.
* Good C: Person 1 values Good C the most (47), and since they already received Good B, it's allocated to them as well.
* Good D: Person 3 values Good D the most among the remaining persons (20), so it's allocated to them.

This allocation seems fair because each person receives a good that they value relatively highly, and no person is left empty-handed. Additionally, the total value of the allocation (45 + 45 + 47 + 20 = 157) is relatively high, indicating that the goods are being allocated to the individuals who value them the most.",0,2,1,1,3
54,"After analyzing the values provided by each person, I've determined the fairest allocation to be:

```
{
""Good A"": ""Person 2"",
""Good B"": ""Person 2"",
""Good C"": ""Person 1"",
""Good D"": ""None""
}
```

Here's my reasoning:

* Good A: Person 2 values it the most, so it's fair to allocate it to them.
* Good B: Person 2 values it highly as well, and since they already received Good A, giving them Good B seems reasonable, as it maximizes their overall satisfaction.
* Good C: Person 1 values it highly, and since they didn't receive Good A or Good B, it's fair to allocate Good C to them.
* Good D: No one values Good D very highly, so I decided to discard it to avoid allocating a low-value good to someone who might not appreciate it.

This allocation seems to strike a balance between satisfying each person's preferences and not wasting goods on someone who wouldn't value them highly.",0,2,2,1,None
55,"After analyzing the values provided by each person, I have determined the fairest allocation to be:

{
""Good A"": ""Person 2"",
""Good B"": ""Person 2"",
""Good C"": ""Person 1"",
""Good D"": ""None""
}

Here's my reasoning:

* Good A: Person 2 values it the most, so it's allocated to them.
* Good B: Person 2 values it second-highest, and it's also the second-highest value for Good B among all persons, so it's allocated to them as well.
* Good C: Person 1 values it the highest, so it's allocated to them.
* Good D: The values for Good D are relatively low across all persons, and allocating it to anyone would not significantly improve their overall satisfaction. Therefore, I've decided to discard Good D to avoid any potential envy or dissatisfaction.

This allocation seems to maximize the overall satisfaction of the individuals involved, taking into account the relative values they've assigned to each good.",0,2,2,1,None
56,"A classic problem of fair allocation!

After analyzing the values each person assigns to each good, I've determined the fairest allocation to be:

{
""Good A"": ""Person 2"",
""Good B"": ""Person 2"",
""Good C"": ""Person 1"",
""Good D"": ""None""
}

Here's my reasoning:

* Good A: Person 2 values it the most (48), so it's allocated to them.
* Good B: Person 2 values it highly as well (45), and since they already got Good A, it's only fair to give them Good B too, as it would make a significant difference to them.
* Good C: Person 1 values it the most (47), so it's allocated to them.
* Good D: None of the persons assign a high value to Good D (maximum value is 20, assigned by Person 3). Since it's not particularly valuable to anyone, it's discarded to avoid creating envy or dissatisfaction among the persons.

This allocation aims to maximize the overall satisfaction and fairness, considering the relative values each person assigns to each good.",0,2,2,1,None
57,"After analyzing the values provided by each person, I've determined a fair allocation of the goods. Here is the allocation I propose:

{
""Good A"": ""Person 2"",
""Good B"": ""Person 2"",
""Good C"": ""Person 1"",
""Good D"": ""None""
}

My reasoning is as follows:

* Person 2 values Good A and Good B the highest, so it's fair to allocate both of these goods to them.
* Person 1 values Good C the highest, so it's fair to allocate this good to them.
* Person 3's values are relatively lower across all goods, and Person 1 and 2 have already been allocated their highest-valued goods. Since Good D is not highly valued by anyone, I've decided to discard it.

This allocation seems fair because it takes into account the relative values each person places on each good and tries to maximize the overall satisfaction of the individuals involved.",0,2,2,1,None
58,"A classic problem of fair allocation!

After analyzing the values each person has for each good, I've decided on an allocation that I consider to be fair. Here's my selection:

{
""Good A"": ""Person 2"",
""Good B"": ""Person 1"",
""Good C"": ""Person 1"",
""Good D"": ""Person 3""
}

Here's my reasoning:

* Good A: Person 2 values Good A the highest (48), so it's fair to allocate it to them.
* Good B: Person 1 values Good B second-highest (45), and since Good A has already been allocated to Person 2, it's fair to give Good B to Person 1.
* Good C: Person 1 values Good C the highest (47), and since they already have Good B, it's fair to give them Good C as well.
* Good D: Person 3 values Good D the highest (20), and since the other goods have been allocated, it's fair to give Good D to Person 3.

This allocation ensures that each person receives a good that they value relatively highly, and no one is left empty-handed. Of course, there may be other allocations that could be considered fair as well, but this is my take on it!",0,2,1,1,3
59,"After analyzing the values of each person for each good, I propose the following allocation:

{
""Good A"": ""Person 2"",
""Good B"": ""Person 1"",
""Good C"": ""Person 1"",
""Good D"": ""Person 3""
}

Here's my reasoning:

* Good A has the highest value for Person 2 (48), so it makes sense to allocate it to them.
* Good B has the highest value for Person 1 (45), so it's a good fit for them.
* Good C also has a high value for Person 1 (47), and since they already received Good B, it's fair to give them Good C as well.
* Good D has the highest value for Person 3 (20), although it's a relatively low value overall. Since we can't allocate it to multiple people, it's better to give it to Person 3 rather than discarding it.

This allocation tries to balance the total value each person receives, while also taking into account the individual values each person has for each good.",0,2,1,1,3
60,"After analyzing the values provided by each person, I have determined the fairest allocation to be:

{
""Good A"": ""Person 2"",
""Good B"": ""Person 1"",
""Good C"": ""Person 1"",
""Good D"": ""Person 3""
}

Here's my reasoning:

* Good A: Person 2 values Good A the highest, so it's fair to allocate it to them.
* Good B: Person 1 values Good B second-highest, and since they already got Good C (more on that below), it's fair to give them Good B as well.
* Good C: Person 1 values Good C the highest, so it's fair to allocate it to them.
* Good D: Person 3 values Good D the highest among the remaining options, so it's fair to allocate it to them.

This allocation ensures that each person receives at least one good that they value relatively highly, and the total value of goods allocated to each person is somewhat balanced. Note that this allocation is not optimal in terms of total value, but it's a fair compromise considering the indivisibility constraint.",0,2,1,1,3
61,"A classic problem of fair allocation!

After analyzing the values each person assigns to each good, I have decided on the following allocation:

{
""Good A"": ""Person 2"",
""Good B"": ""Person 2"",
""Good C"": ""Person 1"",
""Good D"": ""Person 3""
}

Here's my reasoning:

* Good A: Person 2 values Good A the most, at 48, so it's only fair to allocate it to them.
* Good B: Again, Person 2 values Good B highly, at 45, and it's their second-highest valued good. Allocating it to them ensures they receive two high-value goods.
* Good C: Person 1 values Good C the most, at 47, so it's allocated to them.
* Good D: Person 3 values Good D the most, at 20, which is relatively low compared to the other values, but still higher than the others. Allocating it to them gives them a good that they value relatively highly.

This allocation tries to balance the overall value each person receives, while also taking into account the individual values each person assigns to each good.",0,2,2,1,3
62,"After analyzing the values each person assigns to each good, I've decided on the following allocation:

{
""Good A"": ""Person 2"",
""Good B"": ""Person 1"",
""Good C"": ""Person 1"",
""Good D"": ""Person 3""
}

Here's my reasoning:

* Good A: Person 2 values it the highest (48), so it goes to them.
* Good B: Person 1 values it the highest (45), so it goes to them.
* Good C: Again, Person 1 values it the highest (47), so it goes to them.
* Good D: Person 3 values it the highest (20), so it goes to them.

This allocation tries to maximize the overall satisfaction of the individuals involved, while also being fair in the sense that each person gets at least one good that they highly value.",0,2,1,1,3
63,"After analyzing the values of each person for each good, I have determined the fairest allocation to be:

{
""Good A"": ""Person 2"",
""Good B"": ""Person 2"",
""Good C"": ""Person 1"",
""Good D"": ""Person 3""
}

Here's my reasoning:

* Good A: Person 2 values Good A the highest, so it's fairest to allocate it to them.
* Good B: Again, Person 2 values Good B the highest, and since they already got Good A, it's reasonable to give them Good B as well.
* Good C: Person 1 values Good C the highest, so it's fairest to allocate it to them.
* Good D: Person 3 values Good D the highest among the remaining persons, so it's fairest to allocate it to them.

Note that this allocation gives each person at least one good that they value relatively highly, and no good is discarded.",0,2,2,1,3
64,"After analyzing the values of each person for each good, I have decided on the following allocation:

{
""Good A"": ""Person 2"",
""Good B"": ""Person 2"",
""Good C"": ""Person 1"",
""Good D"": ""Person 3""
}

Here's my reasoning:

* Good A: Person 2 values it the most, so it makes sense to allocate it to them.
* Good B: Again, Person 2 values it highly, and since they already got Good A, it's fair to give them Good B as well, as it won't leave the other two persons without a valuable good.
* Good C: Person 1 values it the most, so it's allocated to them.
* Good D: Person 3 values it the most among the remaining two persons, so it's allocated to them.

This allocation seems fair as each person gets a good that they value relatively highly, and no one is left without a good.",0,2,2,1,3
65,"A classic problem of fair allocation!

After analyzing the values of each person for each good, I have decided on the following allocation:

{
""Good A"": ""Person 2"",
""Good B"": ""Person 1"",
""Good C"": ""Person 1"",
""Good D"": ""Person 3""
}

Here's my reasoning:

* Good A: Person 2 values it the most, so it's only fair to allocate it to them.
* Good B: Person 1 values it second-most, and since Person 2 already got Good A, Good B goes to Person 1.
* Good C: Person 1 values it the most, and since they already got Good B, it's only fair to give them Good C as well.
* Good D: Person 3 values it the most among the remaining persons, so it goes to them.

This allocation ensures that each person gets at least one good, and the goods are distributed based on their relative values to each person.",0,2,1,1,3
66,"After analyzing the values of each person for each good, I've determined an allocation that I consider to be the fairest. Here is the allocation in the requested JSON format:

{
""Good A"": ""Person 2"",
""Good B"": ""Person 1"",
""Good C"": ""Person 1"",
""Good D"": ""Person 3""
}

My reasoning for this allocation is as follows:

* Good A: Person 2 values Good A the highest, so it's allocated to them.
* Good B: Person 1 values Good B relatively high (5), and since Person 2 already got Good A, it's allocated to Person 1.
* Good C: Person 1 values Good C the highest, so it's allocated to them. This also seems fair since Person 1 already got Good B, and allocating Good C to Person 1 balances out their total value.
* Good D: Person 3 values Good D the highest among the remaining persons, so it's allocated to them.

This allocation seems fair because each person gets at least one good that they value relatively high, and no one person gets more than two goods. Additionally, the total value of the goods allocated to each person is somewhat balanced: Person 1 gets goods worth 52 (5 + 47), Person 2 gets a good worth 48, and Person 3 gets a good worth 20.",0,2,1,1,3
67,"After analyzing the values, I've decided on the following allocation:

{
""Good A"": ""Person 2"",
""Good B"": ""Person 1"",
""Good C"": ""Person 1"",
""Good D"": ""Person 3""
}

Here's my reasoning:

* Good A: Person 2 values it the highest, so I allocate it to them.
* Good B: Person 1 and Person 2 both value it highly, but Person 1 values Good C even more highly. By giving Good B to Person 1, I'm allowing them to get a good that's almost as valuable to them as Good C, while also satisfying Person 2's high value for Good A.
* Good C: As mentioned earlier, Person 1 values it highly, so I allocate it to them.
* Good D: While no one values it extremely highly, Person 3 values it the most, so I allocate it to them to give them some satisfaction in the allocation.

This allocation seems fair because each person gets at least one good that they value relatively highly, and no one is left with nothing.",0,2,1,1,3
68,"After analyzing the values of each person for each good, I have determined the fairest allocation to be:

{
""Good A"": ""Person 2"",
""Good B"": ""Person 2"",
""Good C"": ""Person 1"",
""Good D"": ""None""
}

Here's my reasoning:

* Good A: Person 2 values Good A the highest, so it's fair to allocate it to them.
* Good B: Again, Person 2 values Good B the highest, so it's fair to allocate it to them as well.
* Good C: Person 1 values Good C the highest, so it's fair to allocate it to them.
* Good D: None of the persons value Good D highly, and it would be wasted on any of them. Therefore, it's fairest to discard it.

This allocation seems fair because each person gets the good they value the most, and no one is left with a good they don't value highly. Additionally, Good D is discarded, which is better than allocating it to someone who doesn't value it highly.",0,2,2,1,None
69,"After analyzing the values each person assigns to each good, I've decided on the following allocation:

{
""Good A"": ""Person 2"",
""Good B"": ""Person 2"",
""Good C"": ""Person 1"",
""Good D"": ""None""
}

Here's my reasoning:

* Good A: Person 2 values it the most, so I allocate it to them.
* Good B: Again, Person 2 values it the most, so I allocate it to them as well.
* Good C: Person 1 values it the most, so I allocate it to them.
* Good D: None of the three persons value it highly, and the highest value is only 20 from Person 3. Considering the relatively low values for Good D, I decide to discard it, rather than allocating it to someone who may not appreciate it as much.

This allocation seems fair as it takes into account the individual values each person assigns to each good and tries to maximize the overall satisfaction.",0,2,2,1,None
70,"After analyzing the values assigned by each person to each good, I have determined a fair allocation as follows:

{
""Good A"": ""Person 2"",
""Good B"": ""Person 1"",
""Good C"": ""Person 1"",
""Good D"": ""Person 3""
}

Here's my reasoning:

* Good A is valued highest by Person 2, so it's allocated to them.
* Good B is valued highest by Person 1, so it's allocated to them.
* Good C is also valued highly by Person 1, and since they already have Good B, it's fair to give them Good C as well.
* Good D is valued highest by Person 3, so it's allocated to them.

This allocation ensures that each person receives at least one good, and the goods are distributed based on the values assigned by each person.",0,2,1,1,3
71,"After analyzing the values provided by each person for each good, I've determined what I consider to be the fairest allocation. Here it is:

{
""Good A"": ""Person 2"",
""Good B"": ""Person 2"",
""Good C"": ""Person 1"",
""Good D"": ""None""
}

Here's my reasoning:

* Good A: Person 2 values Good A the highest, so it's fair to allocate it to them.
* Good B: Again, Person 2 values Good B the highest, so it's fair to allocate it to them.
* Good C: Person 1 values Good C the highest, so it's fair to allocate it to them.
* Good D: No one values Good D very highly, and the highest value is only 20, which is relatively low compared to the values for the other goods. Therefore, I've decided to discard Good D, as allocating it to anyone wouldn't make a significant difference to their overall satisfaction.

This allocation ensures that each person gets at least one good that they value highly, and no one is left with nothing. It also takes into account the relative values each person has for each good, which I believe is a key factor in determining a fair allocation.",0,2,2,1,None
72,"After analyzing the values of each person for each good, I have determined a fair allocation. Here is the allocation in the requested JSON format:

{
""Good A"": ""Person 2"",
""Good B"": ""Person 2"",
""Good C"": ""Person 1"",
""Good D"": ""None""
}

Here's my reasoning:

* Good A: Person 2 values it the highest, so I allocate it to them.
* Good B: Again, Person 2 values it the highest, so I allocate it to them.
* Good C: Person 1 values it the highest, so I allocate it to them.
* Good D: No one values it very highly, and it's not worth allocating to anyone, so I discard it.

This allocation seems fair because each person gets at least one good that they value highly, and no one gets a good that they don't value much. Person 2 gets two goods, but they are the ones who value them the most, so it seems reasonable.",0,2,2,1,None
73,"After analyzing the values provided by each person, I have determined the fairest allocation to be:

{
""Good A"": ""Person 2"",
""Good B"": ""Person 2"",
""Good C"": ""Person 1"",
""Good D"": ""Person 3""
}

Here's my reasoning:

* Good A: Person 2 values it the most, so it's allocated to them.
* Good B: Again, Person 2 values it the most, so they get it.
* Good C: Person 1 values it the most, so it's allocated to them.
* Good D: Although Person 3 doesn't value it extremely high, they value it the most among the three, so it's allocated to them.

This allocation seems fair as each person gets at least one good that they value relatively highly. Person 2 gets two goods, but they are the ones who value them the most.",0,2,2,1,3
74,"After analyzing the values provided by each person for each good, I have determined the fairest allocation to be:

{
""Good A"": ""Person 2"",
""Good B"": ""Person 1"",
""Good C"": ""Person 1"",
""Good D"": ""Person 3""
}

Here's my reasoning:

* Good A: Person 2 values Good A the highest (48), so it makes sense to allocate it to them.
* Good B: Person 1 values Good B highly (45), and since they didn't get Good A, allocating Good B to them seems fair.
* Good C: Person 1 values Good C highly (47), and since they already got Good B, allocating Good C to them as well seems reasonable.
* Good D: Person 3 values Good D the highest (20), so it's fair to allocate it to them.

This allocation tries to balance the values and preferences of each person, ensuring that each person gets at least one good that they value highly.",0,2,1,1,3
75,"After analyzing the values of each person for each good, I have decided on the following allocation:

{
""Good A"": ""Person 2"",
""Good B"": ""Person 1"",
""Good C"": ""Person 1"",
""Good D"": ""Person 3""
}

My reasoning is as follows:

* Good A is most valued by Person 2, so I allocate it to them.
* Good B is most valued by Person 1, but since Person 2 already received Good A, I allocate Good B to Person 1 to ensure a somewhat balanced distribution.
* Good C is also most valued by Person 1, and since they already received Good B, I allocate Good C to them as well, as it seems to be their highest priority.
* Good D is most valued by Person 3, so I allocate it to them.

This allocation seems to be a fair distribution of the goods, taking into account the relative values each person places on each good. However, please note that this is a subjective decision, and there may be other allocations that could also be considered fair.",0,2,1,1,3
76,"After analyzing the values that each person has for each good, I have determined a fair allocation based on maximizing the total value and ensuring a somewhat balanced distribution among the individuals. Here is the allocation I propose:

{
""Good A"": ""Person 2"",
""Good B"": ""Person 2"",
""Good C"": ""Person 1"",
""Good D"": ""Person 3""
}

Here's my reasoning:

* Good A: Person 2 values Good A the highest, so it makes sense to allocate it to them.
* Good B: Person 2 also values Good B highly, and it's their second-highest valued good. Allocating it to them enables them to utilize their highest-valued goods.
* Good C: Person 1 values Good C highly, and it's their second-highest valued good. Allocating it to them ensures they receive a good that they value significantly.
* Good D: Person 3 values Good D the highest among the remaining goods, and it's their highest-valued good overall. Allocating it to them provides them with a good that they value relatively highly.

This allocation attempts to balance the distribution of goods while also respecting the individual values and preferences of each person.",0,2,2,1,3
77,"After analyzing the values of each person for each good, I have determined the fairest allocation to be:

{
""Good A"": ""Person 2"",
""Good B"": ""Person 2"",
""Good C"": ""Person 1"",
""Good D"": ""Person 3""
}

Here's my reasoning:

* Good A: Person 2 values Good A the highest, so it's fair to allocate it to them.
* Good B: Person 2 also values Good B highly, and since they already got Good A, it's fair to give them Good B as well, since it would make their overall allocation more balanced.
* Good C: Person 1 values Good C the highest, and since they didn't get Good A or Good B, it's fair to allocate Good C to them to ensure they get something of high value to them.
* Good D: Person 3 values Good D the highest among the remaining persons, so it's fair to allocate it to them.

This allocation seems fair because each person gets at least one good that they value highly, and the overall allocation is balanced in terms of the total value each person receives.",0,2,2,1,3
78,"After analyzing the values provided by each person for each good, I have determined an allocation that I consider to be fair. Here is the allocation in the requested JSON format:

{
""Good A"": ""Person 2"",
""Good B"": ""Person 1"",
""Good C"": ""Person 1"",
""Good D"": ""Person 3""
}

Here's my reasoning:

* Good A: Person 2 values Good A the highest (48), so I allocate it to them.
* Good B: Person 1 values Good B second-highest (45), and since Person 2 already got Good A, I allocate Good B to Person 1.
* Good C: Person 1 values Good C highest (47), and since they already got Good B, I allocate Good C to them as well.
* Good D: Person 3 values Good D highest (20), which is relatively low compared to other values, but it's still a significant value for them. I allocate Good D to Person 3 to ensure they receive at least one good.

This allocation tries to balance the total value each person receives from the allocated goods, while also ensuring that each person gets at least one good that they value relatively highly.",0,2,1,1,3
79,"After analyzing the values of each person for each good, I have determined the following allocation to be the fairest:

{
""Good A"": ""Person 2"",
""Good B"": ""Person 2"",
""Good C"": ""Person 1"",
""Good D"": ""Person 3""
}

Here's my reasoning:

* Good A: Person 2 values Good A the highest, so it's fair to allocate it to them.
* Good B: Person 2 also values Good B highly, and it's their second-highest valued good. Allocating it to them allows them to receive two goods that they value highly.
* Good C: Person 1 values Good C the highest, so it's fair to allocate it to them.
* Good D: Person 3 values Good D the highest among the remaining persons, so it's fair to allocate it to them.

This allocation takes into account each person's relative values for each good and tries to maximize the overall satisfaction of all individuals.",0,2,2,1,3
80,"After analyzing the values of each person for each good, I have determined the allocation that I consider to be the fairest:

{
""Good A"": ""Person 2"",
""Good B"": ""Person 1"",
""Good C"": ""Person 1"",
""Good D"": ""Person 3""
}

Here's my reasoning:

* Good A: Person 2 values it the most, so I allocate it to them.
* Good B: Person 1 values it highly, and it's their second-highest valued good. Allocating it to Person 1 seems fair.
* Good C: Person 1 values it highly, and it's their highest valued good. Allocating it to Person 1 seems fair, and it also completes a ""bundle"" of goods for Person 1, which can be considered a fair outcome.
* Good D: Person 3 values it the most among the three, so I allocate it to them.

Note that this allocation is not the only possible fair allocation, and different people may have different opinions on what is fair. However, based on the values provided, this allocation seems to me to be a reasonable and fair outcome.",0,2,1,1,3
81,"After analyzing the values, I've determined the fairest allocation to be:

{
""Good A"": ""Person 2"",
""Good B"": ""Person 2"",
""Good C"": ""Person 1"",
""Good D"": ""Person 3""
}

Here's my reasoning:

* Person 2 values Good A the highest, so it's fair to allocate it to them.
* Person 2 also values Good B highly, and it's the second-highest value for them. Since they already got Good A, it's still fair to give them Good B as well, as it would be unfair to deprive them of both goods they value highly.
* Person 1 values Good C the highest, so it's fair to allocate it to them.
* Person 3 values Good D the highest among the remaining persons, so it's fair to allocate it to them.

This allocation seems fair as it takes into account the individual values and tries to maximize the overall satisfaction of the persons involved.",0,2,2,1,3
82,"After analyzing the values of each person for each good, I have decided on the following allocation:

{
""Good A"": ""Person 2"",
""Good B"": ""Person 1"",
""Good C"": ""Person 1"",
""Good D"": ""Person 3""
}

Here's my reasoning:

* For Good A, Person 2 values it the highest, so it makes sense to allocate it to them.
* For Good B, Person 1 values it highly, and since they already got Good C (explained below), it's fair to give them Good B as well.
* For Good C, Person 1 values it the highest, and allocating it to them seems fair.
* For Good D, Person 3 values it the highest among the remaining persons, so it's allocated to them.

This allocation seems fair because each person gets at least one good that they value highly, and no one is left with nothing.",0,2,1,1,3
83,"After analyzing the values of each person for each good, I have decided on the following allocation:

{
""Good A"": ""Person 2"",
""Good B"": ""Person 1"",
""Good C"": ""Person 1"",
""Good D"": ""Person 3""
}

My reasoning is as follows:

* Good A: Person 2 values Good A the most, so it's fair to give it to them.
* Good B: Person 1 values Good B second-most, and since Good C is more valuable to them, it makes sense to give Good B to Person 1.
* Good C: Person 1 values Good C the most, so it's fair to give it to them.
* Good D: Person 3 values Good D the most among the remaining persons, so it's fair to give it to them.

This allocation tries to balance the overall happiness of each person, taking into account their relative values for each good. Of course, there are many possible allocations, and this is just one possible solution.",0,2,1,1,3
84,"After analyzing the values of each person for each good, I have decided on the following allocation:

{
""Good A"": ""Person 2"",
""Good B"": ""Person 1"",
""Good C"": ""Person 1"",
""Good D"": ""Person 3""
}

Here's the reasoning behind my allocation:

* Good A: Person 2 values Good A the highest, so it makes sense to allocate it to them.
* Good B: Person 1 values Good B highly, and since Good A has already been allocated to Person 2, allocating Good B to Person 1 seems like a fair choice.
* Good C: Person 1 values Good C the highest, and since they have already received Good B, allocating Good C to them as well seems fair.
* Good D: Person 3 values Good D the highest among the remaining goods, so it's allocated to them.

This allocation tries to maximize the overall value of the goods to the individuals while also considering fairness and balance in the distribution.",0,2,1,1,3
85,"After analyzing the values provided by each person, I've determined the allocation that I consider to be the fairest:

{
""Good A"": ""Person 2"",
""Good B"": ""Person 2"",
""Good C"": ""Person 1"",
""Good D"": ""None""
}

Here's my reasoning:

* Good A: Person 2 values it the most (48), so it goes to them.
* Good B: Person 2 also values it highly (45), and since they've already received Good A, it's fair to give them this one as well.
* Good C: Person 1 values it the most (47), so it goes to them.
* Good D: None of the persons value it highly, and since we can't divide it, it's best to discard it to avoid giving it to someone who doesn't value it much.

This allocation tries to maximize the overall value for each person while also considering fairness and ensuring that each person receives at least one good that they value highly.",0,2,2,1,None
86,"After analyzing the values assigned by each person to each good, I have determined the fairest allocation to be:

{
""Good A"": ""Person 2"",
""Good B"": ""Person 1"",
""Good C"": ""Person 1"",
""Good D"": ""None""
}

Here's my reasoning:

* Good A is most valued by Person 2, so it makes sense to allocate it to them.
* Good B is second-most valued by Person 1, and since they already don't get Good A, it's fair to give them Good B.
* Good C is most valued by Person 1, and since they already got Good B, it's consistent to give them Good C as well.
* Good D is not highly valued by anyone, and allocating it to someone would give them a relatively low-value good. To maintain fairness, I've decided to discard Good D.

This allocation takes into account the relative values assigned by each person to each good, ensuring that each person gets a good that they value relatively highly, while also considering the overall distribution of values among the goods.",0,2,1,1,None
87,"After analyzing the values that each person has for each good, I have determined the fairest allocation to be:

{
""Good A"": ""Person 2"",
""Good B"": ""Person 2"",
""Good C"": ""Person 1"",
""Good D"": ""Person 3""
}

Here's my reasoning:

* Good A: Person 2 values Good A the highest, so it's allocated to them.
* Good B: Person 2 values Good B very highly, and it's their second-highest valued good. Allocating it to them ensures they get a significant benefit.
* Good C: Person 1 values Good C the highest, so it's allocated to them.
* Good D: Person 3 values Good D the highest among the remaining persons, so it's allocated to them.

This allocation seems fair because each person gets at least one good that they value highly, and no one is left empty-handed. Additionally, the total value of the goods allocated to each person is relatively balanced:
* Person 1: 47 (Good C)
* Person 2: 93 (Good A + Good B)
* Person 3: 20 (Good D)

Note that other allocations could also be considered fair, and the concept of fairness can be subjective. However, this allocation seems to be a reasonable and transparent way to distribute the goods.",0,2,2,1,3
88,"After analyzing the values provided by each person, I have determined a fair allocation of the goods. Here is the allocation I propose:

{
""Good A"": ""Person 2"",
""Good B"": ""Person 2"",
""Good C"": ""Person 1"",
""Good D"": ""Person 3""
}

My reasoning is as follows:

* Good A: Person 2 values Good A the most, so it makes sense to allocate it to them.
* Good B: Person 2 also values Good B highly, and since they already got Good A, it's fair to give them Good B as well, as it's their second-highest valued good.
* Good C: Person 1 values Good C the most, so it's fair to allocate it to them. This way, Person 1 gets their highest-valued good, and Person 2 gets their top two valued goods.
* Good D: Person 3 values Good D the highest among the remaining persons, so it's fair to allocate it to them.

This allocation ensures that each person gets at least one good that they value highly, and no good is allocated to more than one person.",0,2,2,1,3
89,"After analyzing the values of each person for each good, I have determined a fair allocation as follows:

{
""Good A"": ""Person 2"",
""Good B"": ""Person 1"",
""Good C"": ""Person 1"",
""Good D"": ""Person 3""
}

Here's my reasoning:

* Good A: Person 2 values Good A the most, so it's allocated to them.
* Good B: Person 1 values Good B more than others, and since Person 2 already got Good A, it's allocated to Person 1.
* Good C: Person 1 values Good C more than others, and they haven't got two goods yet, so it's allocated to them.
* Good D: Person 3 values Good D more than others, and since they haven't got any goods yet, it's allocated to them.

This allocation seems fair as each person gets a good that they value relatively highly, and no one gets two goods that others value more highly.",0,2,1,1,3
90,"After considering the values each person has for each good, I have come up with an allocation that I believe is the fairest. Here is the allocation in the requested JSON format:

{
""Good A"": ""Person 2"",
""Good B"": ""Person 2"",
""Good C"": ""Person 1"",
""Good D"": ""Person 3""
}

Here's my reasoning:

* Good A is most valuable to Person 2, so it makes sense to allocate it to them.
* Good B is also most valuable to Person 2, so I'll allocate it to them as well. This way, Person 2 gets two goods that are highly valuable to them.
* Good C is most valuable to Person 1, so I'll allocate it to them.
* Good D is most valuable to Person 3, so I'll allocate it to them. This ensures that each person gets at least one good that is highly valuable to them.

This allocation seems fair because each person gets a good that is highly valuable to them, and no one is left with nothing. Of course, there may be other allocations that could also be considered fair, but this one seems reasonable given the values provided.",0,2,2,1,3
91,"After analyzing the values of each person for each good, I have determined the fairest allocation to be:

{
""Good A"": ""Person 2"",
""Good B"": ""Person 2"",
""Good C"": ""Person 1"",
""Good D"": ""Person 3""
}

Here's my reasoning:

* Good A: Person 2 values Good A the most (48), so it makes sense to allocate it to them.
* Good B: Person 2 also values Good B highly (45), and it's their second-highest valued good. Allocating it to them ensures they receive a significant benefit.
* Good C: Person 1 values Good C the most (47), so it's fair to allocate it to them.
* Good D: Person 3 values Good D the most (20), although it's a relatively low value. Allocating it to them ensures they receive some benefit, whereas discarding it wouldn't provide any value to anyone.

This allocation distributes the goods in a way that takes into account the highest valuations for each good, while also trying to provide some benefit to each person.",0,2,2,1,3
92,"After analyzing the values each person has for each good, I have determined the allocation that I consider to be the fairest:

{
""Good A"": ""Person 2"",
""Good B"": ""Person 1"",
""Good C"": ""Person 1"",
""Good D"": ""Person 3""
}

Here's my reasoning:

* Good A: Person 2 values it the most, so it's fair to give it to them.
* Good B: Person 1 values it the highest, so it's fair to give it to them.
* Good C: Person 1 values it the highest, and since they didn't get Good A, it's fair to give this good to them as well.
* Good D: Person 3 values it the highest among the remaining options, so it's fair to give it to them.

This allocation ensures that each person gets at least one good that they value relatively highly, and no person is left without a good. Of course, this is just one possible allocation, and there may be other fair allocations depending on the context and criteria used to determine fairness.",0,2,1,1,3
93,"After analyzing the values of each person for each good, I've decided on the following allocation:

{
""Good A"": ""Person 2"",
""Good B"": ""Person 2"",
""Good C"": ""Person 1"",
""Good D"": ""Person 3""
}

Here's my reasoning:

* Good A: Person 2 values it the most, so it goes to them.
* Good B: Again, Person 2 values it the most, so it goes to them as well.
* Good C: Person 1 values it the most, so it goes to them.
* Good D: Person 3 values it the most among the remaining persons, so it goes to them.

This allocation seems fair because each person gets at least one good that they value highly, and no one is left without any goods. Additionally, the total value of the goods allocated to each person is somewhat balanced: Person 1 gets 47, Person 2 gets 93, and Person 3 gets 20. Of course, this is just one possible allocation, and there may be other fair allocations depending on one's definition of fairness.",0,2,2,1,3
94,"After analyzing the values that each person assigns to each good, I have determined the fairest allocation to be:

{
""Good A"": ""Person 2"",
""Good B"": ""Person 1"",
""Good C"": ""Person 1"",
""Good D"": ""Person 3""
}

My reasoning is as follows:

* Good A: Person 2 values it the highest, so it's allocated to them.
* Good B: Person 1 values it the highest among the remaining persons, so it's allocated to them.
* Good C: Person 1 values it the highest, and since they already got Good B, it's only fair to give them Good C as well.
* Good D: Person 3 values it the highest among the remaining persons, so it's allocated to them.

This allocation seems fair because each person gets a good that they value relatively highly, and no one person gets all the goods. Additionally, the total value of the goods allocated to each person is roughly balanced: Person 1 gets goods worth 52 (45 + 5 + 2), Person 2 gets a good worth 48, and Person 3 gets a good worth 20.",0,2,1,1,3
95,"After analyzing the values provided by each person, I have determined a fair allocation of the goods. Here is the allocation I propose:

{
""Good A"": ""Person 2"",
""Good B"": ""Person 2"",
""Good C"": ""Person 1"",
""Good D"": ""None""
}

My reasoning is as follows:

* Good A: Person 2 values Good A the most, so it is fair to allocate it to them.
* Good B: Person 2 also values Good B highly, and allocating it to them seems fair given their high valuation.
* Good C: Person 1 values Good C the most, so it is fair to allocate it to them.
* Good D: No person values Good D highly, and the values are relatively low across the board. To avoid allocating a good to someone who doesn't value it much, I decide to discard Good D (i.e., allocate it to ""None"").

This allocation aims to maximize the overall happiness and satisfaction of the individuals involved, while also considering the relative values each person places on each good.",0,2,2,1,None
96,"After examining the values each person places on each good, I've decided on the following allocation:

{
""Good A"": ""Person 2"",
""Good B"": ""Person 2"",
""Good C"": ""Person 1"",
""Good D"": ""Person 3""
}

Here's my reasoning:

* Good A: Person 2 values it the highest, so it seems fairest to give it to them.
* Good B: Again, Person 2 values it the highest, and they didn't get anything else yet, so it's reasonable to give it to them as well.
* Good C: Person 1 values it the highest, and they didn't get anything yet, so it seems fairest to give it to them.
* Good D: Person 3 values it the highest among the remaining persons, and they didn't get anything yet, so it seems fairest to give it to them.

This allocation seems fair because each person gets at least one good that they value relatively highly, and no one gets a good that they value very low. Of course, this is just one possible allocation, and different people might have different opinions on what's fairest!",0,2,2,1,3
97,"After analyzing the values assigned by each person to each good, I have determined the fairest allocation to be:

{
""Good A"": ""Person 2"",
""Good B"": ""Person 1"",
""Good C"": ""Person 1"",
""Good D"": ""Person 3""
}

Here's my reasoning:

* Person 2 values Good A the most (48), so it's fair to allocate it to them.
* Person 1 values Good B the second-most (45) and also has a high value for Good C (47). Allocating Good B and Good C to Person 1 ensures that they receive a significant total value.
* Person 3 has relatively lower values for all goods, but their highest value is for Good D (20). Allocating Good D to Person 3 gives them a non-negligible value.

This allocation tries to balance the total value received by each person, while also considering the relative importance of each good to each person.",0,2,1,1,3
98,"A classic problem of fair allocation!

After analyzing the values each person has for each good, I have decided on the following allocation, which I consider to be the fairest:

```
{
""Good A"": ""Person 2"",
""Good B"": ""Person 1"",
""Good C"": ""Person 1"",
""Good D"": ""None""
}
```

Here's my reasoning:

* Good A: Person 2 values it the highest, so it's allocated to them.
* Good B: Person 1 values it highly, and since Person 2 already got Good A, it's allocated to Person 1.
* Good C: Person 1 values it highly, and since they already got Good B, it's allocated to them as well. This way, Person 1 gets two goods that they value highly.
* Good D: Since no one values it highly, it's not allocated to anyone and is discarded.

This allocation seems fair because each person gets at least one good that they value highly, and the total value of the goods allocated to each person is relatively balanced. Person 2 gets one high-value good, Person 1 gets two moderate-value goods, and Person 3 doesn't get any goods, but none of the goods were extremely valuable to them anyway.",0,2,1,1,None
99,"After analyzing the values provided by each person, I have determined an allocation that I consider to be fair. Here is the allocation in the requested JSON format:

{
""Good A"": ""Person 2"",
""Good B"": ""Person 2"",
""Good C"": ""Person 1"",
""Good D"": ""Person 3""
}

My reasoning is as follows:

* Good A: Person 2 values Good A the highest, so it is allocated to them.
* Good B: Person 2 values Good B highly as well, and since they already received Good A, it makes sense to allocate Good B to them as well to maximize their overall satisfaction.
* Good C: Person 1 values Good C the highest, and since they didn't receive Good A or Good B, it's fair to allocate Good C to them.
* Good D: Person 3 values Good D the highest, and since they didn't receive any of the other goods, it's fair to allocate Good D to them.

This allocation seems fair because each person receives at least one good that they value relatively highly, and no person is left empty-handed.",0,2,2,1,3
