,Text,Tokens,Good A,Good B,Good C
0,"Here's how to find the allocation maximizing the total value:

**1.  Evaluate each good's potential contribution:**

*   **Good A:**
    *   Person 1 values it at 45
    *   Person 2 values it at 35
    *   **Giving Good A to Person 1 maximizes its value (45).**

*   **Good B:**
    *   Person 1 values it at 20
    *   Person 2 values it at 40
    *   **Giving Good B to Person 2 maximizes its value (40).**

*   **Good C:**
    *   Person 1 values it at 35
    *   Person 2 values it at 25 
    *   **Giving Good C to Person 1 maximizes its value (35).**

**2. Optimal Allocation:**

*   **Person 1:** Receives Good A and Good C (Total Value = 45 + 35 = 80)
*   **Person 2:** Receives Good B (Total Value = 40)

**3. Total Value Maximized:** 80 (Person 1) + 40 (Person 2) = **120**

**Therefore, the allocation that maximizes the sum of values is to give Good A and Good C to Person 1 and Good B to Person 2.** 
",0,1,2,1
1,"Here's how to determine the allocation maximizing total value:

**1.  Calculate Total Value for Each Possible Allocation**

* **Person 1 gets all:**
    * A: 45 + B: 20 + C: 35 = 100 
* **Person 2 gets all:**
    * A: 35 + B: 40 + C: 25 = 100
* **A to 1, B to 2, C to 1:**
    * A: 45 + B: 40 + C: 35 = 120 
* **A to 1, B to 2, C to 2:**
    * A: 45 + B: 40 + C: 25 = 110
* **A to 2, B to 1, C to 1:**
    * A: 35 + B: 20 + C: 35 = 90
* **A to 2, B to 1, C to 2:**
    * A: 35 + B: 20 + C: 25 = 80
* **Discard any good:** Any allocation discarding a good will be inherently lower than the best allocations above.

**2. Identify the Allocation with Maximum Value**

The allocation maximizing the sum of values is:

* **Person 1:** Good A (value 45) and Good C (value 35)
* **Person 2:** Good B (value 40)

**Total Value: 120**

**Conclusion:**

This allocation ensures that each good goes to the person who values it most, resulting in the highest possible combined value. 
",0,1,2,1
2,"Here's how to determine the allocation that maximizes the total value:

**1. Create a Table:**

| Good | Person 1's Value | Person 2's Value |
|---|---|---|
| Good A | 45 | 35 |
| Good B | 20 | 40 |
| Good C | 35 | 25 |

**2. Identify the Highest Value for Each Good:**

* **Good A:** Person 1 values it more (45 > 35)
* **Good B:** Person 2 values it more (40 > 20)
* **Good C:** Person 1 values it more (35 > 25)

**3. Optimal Allocation:**

* **Person 1:** Receives Good A and Good C
* **Person 2:** Receives Good B

**4. Calculate Total Value:**

* **Person 1:** 45 (Good A) + 35 (Good C) = 80
* **Person 2:** 40 (Good B) 
* **Total Value:** 80 + 40 = **120**

**Therefore, the allocation that maximizes the sum of values is:**

* **Person 1:** Good A, Good C
* **Person 2:** Good B 

This allocation results in a total value of 120. 
",0,1,2,1
3,"Here's how to determine the allocation maximizing the total value:

**1. Create a Table**

It's helpful to visualize the values in a table:

| Good | Person 1's Value | Person 2's Value |
|---|---|---|
| A | 45 | 35 |
| B | 20 | 40 |
| C | 35 | 25 |

**2. Identify the Highest Value for Each Good**

* **Good A:** Person 1 values it more (45 > 35)
* **Good B:** Person 2 values it more (40 > 20)
* **Good C:** Person 1 values it more (35 > 25)

**3. Optimal Allocation**

Based on the highest individual values:

* **Person 1:** Receives Good A and Good C
* **Person 2:** Receives Good B 

**4. Calculate Total Value**

* Person 1's Total Value: 45 (Good A) + 35 (Good C) = 80
* Person 2's Total Value: 40 (Good B) 
* **Combined Total Value: 80 + 40 = 120**

**Conclusion:**

This allocation maximizes the total value derived by both individuals. By giving each good to the person who values it most, we ensure the highest possible sum of values (120). 
",0,1,2,1
4,"Here's how to determine the allocation that maximizes the total value:

**1.  Calculate the value each person gets from each good:**

   We already have this information:

*   **Person 1:**
    *   Good A: 45
    *   Good B: 20
    *   Good C: 35
*   **Person 2:**
    *   Good A: 35
    *   Good B: 40
    *   Good C: 25

**2. Determine who values each good the most:**

*   **Good A:** Person 1 values it more (45 > 35)
*   **Good B:** Person 2 values it more (40 > 20)
*   **Good C:** Person 1 values it more (35 > 25)

**3. Allocate the goods based on the highest valuation:**

*   **Person 1:** Receives Good A and Good C 
*   **Person 2:** Receives Good B 

**4. Calculate the total value:**

*   **Person 1:** 45 (Good A) + 35 (Good C) = 80
*   **Person 2:** 40 (Good B) = 40
*   **Total Value:** 80 + 40 = **120**

**Therefore, the allocation that maximizes the sum of values is:**

*   **Person 1:** Good A, Good C
*   **Person 2:** Good B

**This allocation results in a total value of 120.** 
",0,1,2,1
5,"Here's how we can determine the allocation that maximizes the total value:

**1. Create a table:**

| Good | Person 1's Value | Person 2's Value |
|---|---|---|
| Good A | 45 | 35 |
| Good B | 20 | 40 |
| Good C | 35 | 25 |

**2. Analyze the table:**

* **Good A:** Person 1 values it more (45 > 35).
* **Good B:** Person 2 values it more (40 > 20).
* **Good C:** Person 1 values it more (35 > 25).

**3. Optimal Allocation:**

To maximize the total value, we should allocate:

* **Good A to Person 1.** 
* **Good B to Person 2.**
* **Good C to Person 1.**

**4. Calculating Total Value:**

* Person 1's total value: 45 (Good A) + 35 (Good C) = 80
* Person 2's total value: 40 (Good B) = 40

Total combined value: 80 + 40 = **120**

**Therefore, this allocation maximizes the sum of values derived by both individuals.** 
",0,1,2,1
6,"Here's how to determine the allocation that maximizes the total value:

**1.  Create a table:**

| Good  | Person 1's Value | Person 2's Value |
| :---: | :---------------: | :---------------: |
|  A   |       45        |       35        |
|  B   |       20        |       40        |
|  C   |       35        |       25        |

**2. Identify the highest value for each good:**

* **Good A:** Person 1 values it more (45 > 35)
* **Good B:** Person 2 values it more (40 > 20)
* **Good C:** Person 1 values it more (35 > 25)

**3.  Optimal Allocation:**

* **Person 1:** Receives Good A and Good C
* **Person 2:** Receives Good B

**4. Calculate the Total Value:**

* **Person 1:** 45 (Good A) + 35 (Good C) = 80
* **Person 2:** 40 (Good B) = 40
* **Total Value:** 80 + 40 = **120**

**Conclusion:**

By allocating Good A and Good C to Person 1 and Good B to Person 2, we maximize the total value derived to 120. 
",0,1,2,1
7,"Here's how to determine the allocation that maximizes the total value:

**1. Create a Table:**

| Good | Person 1 Value | Person 2 Value |
|---|---|---|
| A | 45 | 35 |
| B | 20 | 40 |
| C | 35 | 25 |

**2. Analyze the Table:**

* **Good A:** Person 1 values it more (45 > 35)
* **Good B:** Person 2 values it more (40 > 20)
* **Good C:** Person 1 values it more (35 > 25)

**3. Optimal Allocation:**

* **Person 1:** Receives Good A and Good C
* **Person 2:** Receives Good B

**4. Calculate Total Value:**

* **Person 1:** 45 (Good A) + 35 (Good C) = 80
* **Person 2:** 40 (Good B) 
* **Total Value:** 80 + 40 = 120

**Conclusion:**

This allocation maximizes the sum of values, resulting in a total of 120. 
",0,1,2,1
8,"Here's how to determine the allocation maximizing total value:

**1.  Create a Table:**

| Good | Person 1 Value | Person 2 Value |
|---|---|---|
| Good A | 45 | 35 |
| Good B | 20 | 40 |
| Good C | 35 | 25 |

**2. Identify the Highest Value for Each Good:**

*   **Good A:** Person 1 values it highest (45)
*   **Good B:** Person 2 values it highest (40)
*   **Good C:** Person 1 values it highest (35)

**3. Optimal Allocation:**

*   **Good A goes to Person 1** 
*   **Good B goes to Person 2**
*   **Good C goes to Person 1**

**4. Calculate Total Value:**

*   Person 1's Total Value: 45 (Good A) + 35 (Good C) = 80
*   Person 2's Total Value: 40 (Good B) = 40

*   **Total Combined Value: 80 + 40 = 120**

**Conclusion:** This allocation maximizes the total value derived by both individuals at **120**. 
",0,1,2,1
9,"Here's how to find the allocation that maximizes the total value:

**1. Create a Table:**

| Good | Person 1 Value | Person 2 Value |
|---|---|---|
| Good A | 45 | 35 |
| Good B | 20 | 40 |
| Good C | 35 | 25 |

**2.  Identify the Highest Value for Each Good:**

* **Good A:** Person 1 values it higher (45 > 35)
* **Good B:** Person 2 values it higher (40 > 20)
* **Good C:** Person 1 values it higher (35 > 25)

**3. Optimal Allocation:**

* **Person 1:** Receives Good A and Good C
* **Person 2:** Receives Good B

**4. Calculate Total Value:**

* **Person 1's Value:** 45 (Good A) + 35 (Good C) = 80
* **Person 2's Value:** 40 (Good B) 
* **Total Value:** 80 + 40 = 120

**Conclusion:**

This allocation maximizes the total value derived from the goods. By giving each good to the person who values it most, we ensure the highest possible combined value of 120. 
",0,1,2,1
10,"Here's how to determine the allocation that maximizes the total value:

**1. Create a Table:**

| Good | Person 1's Value | Person 2's Value |
|---|---|---|
| A | 45 | 35 |
| B | 20 | 40 |
| C | 35 | 25 |

**2. Identify the Highest Value for Each Good:**

* **Good A:** Person 1 values it higher (45 > 35)
* **Good B:** Person 2 values it higher (40 > 20)
* **Good C:** Person 1 values it higher (35 > 25)

**3. Optimal Allocation:**

* **Person 1:** Receives Good A and Good C
* **Person 2:** Receives Good B 

**4. Calculate Total Value:**

* **Person 1:** 45 (Good A) + 35 (Good C) = 80
* **Person 2:** 40 (Good B) 
* **Total Value:** 80 + 40 = **120**

**Conclusion:**

This allocation maximizes the total value derived by both individuals. Any other allocation would result in a lower total value. 
",0,1,2,1
11,"Here's how to determine the allocation that maximizes the total value:

**1. Create a Table:**

| Good | Person 1's Value | Person 2's Value |
|---|---|---|
| Good A | 45 | 35 |
| Good B | 20 | 40 |
| Good C | 35 | 25 |

**2. Analyze the Table:**

* **Good A:** Person 1 values it more (45 vs. 35)
* **Good B:** Person 2 values it more (40 vs. 20)
* **Good C:** Person 1 values it more (35 vs. 25)

**3. Optimal Allocation:**

To maximize the sum of values, we should allocate each good to the person who values it most:

* **Good A to Person 1** (Value = 45)
* **Good B to Person 2** (Value = 40)
* **Good C to Person 1** (Value = 35)

**4. Total Value:**

The total value generated from this allocation is 45 + 40 + 35 = **120**.

**Therefore, the allocation that maximizes the sum of values is:**

* **Person 1:** Good A and Good C
* **Person 2:** Good B 
",0,1,2,1
12,"Here's how we can determine the allocation that maximizes the total value:

**1.  Create a Table:**

| Good | Person 1's Value | Person 2's Value |
|---|---|---|
| Good A | 45 | 35 |
| Good B | 20 | 40 |
| Good C | 35 | 25 |

**2. Identify the Highest Value for Each Good:**

*   **Good A:** Person 1 values it more (45 > 35)
*   **Good B:** Person 2 values it more (40 > 20)
*   **Good C:** Person 1 values it more (35 > 25)

**3. Optimal Allocation:**

*   **Person 1:** Receives Good A and Good C
*   **Person 2:** Receives Good B 

**4. Calculate Total Value:**

*   **Person 1's Total Value:** 45 (Good A) + 35 (Good C) = 80
*   **Person 2's Total Value:** 40 (Good B) = 40
*   **Combined Total Value:** 80 + 40 = 120

**Conclusion:**

This allocation maximizes the total value derived from the goods. Person 1 receives the goods they value most, and while Person 2 doesn't get their top choice (Good A), they still receive the good they value second highest. 
",0,1,2,1
13,"Here's how to determine the allocation that maximizes the total value:

**1. Create a Table:**

| Good | Person 1's Value | Person 2's Value |
|---|---|---|
| A | 45 | 35 |
| B | 20 | 40 |
| C | 35 | 25 |

**2. Analyze the Values:**

* **Good A:** Person 1 values it more (45 vs. 35).
* **Good B:** Person 2 values it more (40 vs. 20).
* **Good C:** Person 1 values it more (35 vs. 25).

**3. Optimal Allocation:**

* **Good A to Person 1:** This adds 45 to the total value.
* **Good B to Person 2:** This adds 40 to the total value.
* **Good C to Person 1:** This adds 35 to the total value.

**4. Calculate Total Value:**

The total value of this allocation is 45 + 40 + 35 = **120**

**Conclusion:**

The allocation that maximizes the sum of values is:

* **Person 1:**  Good A and Good C
* **Person 2:** Good B 

This allocation recognizes that while fairness is important, in this specific context, maximizing the overall benefit (sum of values) leads to the most efficient outcome. 
",0,1,2,1
14,"Here's how to determine the allocation maximizing total value:

**1. Create a Value Matrix:**

| Person | Good A | Good B | Good C |
|---|---|---|---|
| Person 1 | 45 | 20 | 35 |
| Person 2 | 35 | 40 | 25 |

**2.  Identify the Highest Value for Each Good:**

* **Good A:** Person 1 values it most at 45.
* **Good B:** Person 2 values it most at 40.
* **Good C:** Person 1 values it most at 35.

**3.  Optimal Allocation:**

* **Person 1:** Receives Good A and Good C (45 + 35 = 80)
* **Person 2:** Receives Good B (40)

**4. Total Value:**

The total value generated by this allocation is 80 (Person 1) + 40 (Person 2) = **120**.

**Explanation:**

This allocation maximizes the sum of values because we've assigned each good to the person who places the highest value on it.  
",0,1,2,1
15,"Here's how to determine the allocation that maximizes total value:

**1. Create a Table:**

| Good  | Person 1's Value | Person 2's Value |
|-------|-----------------|-----------------|
| Good A|       45        |       35        |
| Good B|       20        |       40        |
| Good C|       35        |       25        |

**2. Analyze Each Good:**

* **Good A:** Person 1 values it more (45 > 35)
* **Good B:** Person 2 values it more (40 > 20)
* **Good C:** Person 1 values it more (35 > 25)

**3. Optimal Allocation:**

* **Person 1:** Receives Good A and Good C
* **Person 2:** Receives Good B

**4. Calculate Total Value:**

* **Person 1:** 45 (Good A) + 35 (Good C) = 80
* **Person 2:** 40 (Good B) = 40
* **Total Value:** 80 + 40 = 120

**Conclusion:**

The allocation that maximizes the sum of values is to give Good A and Good C to Person 1 and Good B to Person 2. This results in a total combined value of 120. 
",0,1,2,1
16,"Here's how to determine the allocation that maximizes the total value:

**1.  Evaluate Each Good's Allocation:**

* **Good A:** Person 1 values it at 45, Person 2 at 35.  Giving it to Person 1 yields a higher total value.
* **Good B:** Person 1 values it at 20, Person 2 at 40. Giving it to Person 2 yields a higher total value.
* **Good C:** Person 1 values it at 35, Person 2 at 25. Giving it to Person 1 yields a higher total value.

**2. Optimal Allocation:**

* **Person 1:** Receives Good A and Good C
* **Person 2:** Receives Good B

**3. Total Value:**

* **Person 1:** 45 (Good A) + 35 (Good C) = 80
* **Person 2:** 40 (Good B) 
* **Total:** 80 + 40 = 120

**Therefore, the allocation maximizing the sum of values is to give Good A and Good C to Person 1, and Good B to Person 2. This results in a total value of 120.** 
",0,1,2,1
17,"Here's how to determine the allocation that maximizes the total value:

**1. Create a Table:**

| Good | Person 1's Value | Person 2's Value |
|---|---|---|
| A | 45 | 35 |
| B | 20 | 40 |
| C | 35 | 25 |

**2.  Identify the Highest Value for Each Good:**

* **Good A:** Person 1 values it more (45 > 35)
* **Good B:** Person 2 values it more (40 > 20)
* **Good C:** Person 1 values it more (35 > 25)

**3. Optimal Allocation:**

* **Person 1:** Receives Good A and Good C 
* **Person 2:** Receives Good B

**4. Calculate Total Value:**

* **Person 1:** 45 (Good A) + 35 (Good C) = 80
* **Person 2:** 40 (Good B) 
* **Total Value:** 80 + 40 = **120**

**Conclusion:**

By allocating Good A and Good C to Person 1 and Good B to Person 2, we maximize the total value derived from the goods, achieving a sum of 120. 
",0,1,2,1
18,"Here's how to determine the allocation that maximizes the total value:

**1. Create a Table**

It's helpful to visualize the values in a table:

| Person | Good A | Good B | Good C |
|---|---|---|---|
| Person 1 | 45 | 20 | 35 |
| Person 2 | 35 | 40 | 25 |

**2. Identify the Highest Value for Each Good**

* **Good A:** Person 1 values it highest at 45.
* **Good B:** Person 2 values it highest at 40.
* **Good C:** Person 1 values it highest at 35. 

**3. Optimal Allocation**

Based on the highest individual values:

* **Good A goes to Person 1.** 
* **Good B goes to Person 2.**
* **Good C goes to Person 1.**

**4. Calculate Total Value**

* Person 1's value: 45 (Good A) + 35 (Good C) = 80
* Person 2's value: 40 (Good B) = 40

Total value: 80 + 40 = **120**

**Conclusion:** This allocation maximizes the total value derived from the goods. 
",0,1,2,1
19,"Here's how to determine the allocation that maximizes the total value:

**1. Calculate the Value Each Person Gets from Each Good:**

We already have this information:

| Person | Good A | Good B | Good C |
|---|---|---|---|
| Person 1 | 45 | 20 | 35 |
| Person 2 | 35 | 40 | 25 |

**2. Determine the Highest Value Allocation for Each Good:**

* **Good A:** Person 1 values it more (45 vs. 35)
* **Good B:** Person 2 values it more (40 vs. 20)
* **Good C:** Person 1 values it more (35 vs. 25)

**3.  The Optimal Allocation:**

* **Person 1:** Receives Good A and Good C 
* **Person 2:** Receives Good B

**4. Calculate the Total Value:**

* **Person 1:** 45 (Good A) + 35 (Good C) = 80
* **Person 2:** 40 (Good B) 
* **Total Value:** 80 + 40 = **120**

**Conclusion:**

By allocating Good A and Good C to Person 1 and Good B to Person 2, we maximize the total value derived from the goods, achieving a total value of 120. 
",0,1,2,1
20,"Here's how to determine the allocation maximizing total value:

**1. Create a Table:**

| Good | Person 1 Value | Person 2 Value |
|---|---|---|
| A | 45 | 35 |
| B | 20 | 40 |
| C | 35 | 25 |

**2. Identify the Highest Value for Each Good:**

* **Good A:** Person 1 values it higher (45 > 35)
* **Good B:** Person 2 values it higher (40 > 20)
* **Good C:** Person 1 values it higher (35 > 25)

**3. Optimal Allocation:**

* **Person 1:** Receives Good A and Good C
* **Person 2:** Receives Good B 

**4. Calculate Total Value:**

* **Person 1:** 45 (Good A) + 35 (Good C) = 80
* **Person 2:** 40 (Good B) 
* **Total:** 80 + 40 = **120**

**Conclusion:**

This allocation maximizes the total value derived by both individuals. By giving each good to the person who places a higher value on it, we ensure the highest possible sum of values (120). 
",0,1,2,1
21,"Here's how we can determine the allocation that maximizes the total value:

**1. Create a table to visualize the values:**

| Person | Good A | Good B | Good C |
|---|---|---|---|
| Person 1 | 45 | 20 | 35 |
| Person 2 | 35 | 40 | 25 |

**2. Analyze each good and determine who values it most:**

* **Good A:** Person 1 values it more (45 > 35)
* **Good B:** Person 2 values it more (40 > 20)
* **Good C:** Person 1 values it more (35 > 25)

**3. Allocate the goods based on the highest value:**

* **Good A goes to Person 1** 
* **Good B goes to Person 2**
* **Good C goes to Person 1**

**4. Calculate the total value:**

* Person 1's total value: 45 (Good A) + 35 (Good C) = 80
* Person 2's total value: 40 (Good B) = 40
* **Total combined value: 80 + 40 = 120**

**Therefore, the allocation that maximizes the sum of values is:**

* **Person 1:** Good A, Good C
* **Person 2:** Good B 

**This allocation results in a total combined value of 120.** 
",0,1,2,1
22,"Here's how we can determine the allocation that maximizes the total value:

**1.  Create a Table:**

| Good  | Person 1's Value | Person 2's Value |
| :---: | :---------------: | :---------------: |
|  A   |       45         |        35        |
|  B   |       20         |        40        |
|  C   |       35         |        25        |

**2.  Identify the Highest Value for Each Good:**

*   **Good A:** Person 1 values it more (45 > 35)
*   **Good B:** Person 2 values it more (40 > 20)
*   **Good C:** Person 1 values it more (35 > 25)

**3.  Allocate Goods Based on Highest Value:**

*   **Good A** goes to Person 1.
*   **Good B** goes to Person 2.
*   **Good C** goes to Person 1. 

**4. Calculate Total Value:**

*   **Person 1's Value:** 45 (Good A) + 35 (Good C) = 80
*   **Person 2's Value:** 40 (Good B) = 40
*   **Total Value:** 80 + 40 = **120**

**Therefore, the allocation that maximizes the sum of values is:**

*   **Person 1:** Good A and Good C
*   **Person 2:** Good B

**This allocation results in a total value of 120.** 
",0,1,2,1
23,"Here's how to find the allocation that maximizes the total value:

**1. Create a Table**

It's helpful to visualize the values in a table:

| Person | Good A | Good B | Good C |
|---|---|---|---|
| Person 1 | 45 | 20 | 35 |
| Person 2 | 35 | 40 | 25 |

**2. Identify the Highest Value for Each Good**

* **Good A:** Person 1 values it higher (45 > 35)
* **Good B:** Person 2 values it higher (40 > 20)
* **Good C:** Person 1 values it higher (35 > 25)

**3. Allocate Goods Based on Highest Value**

Based on the above, the allocation that maximizes total value is:

* **Person 1:** Good A and Good C
* **Person 2:** Good B

**4. Calculate Total Value**

* **Person 1:** 45 (Good A) + 35 (Good C) = 80
* **Person 2:** 40 (Good B) 
* **Total Value:** 80 + 40 = **120**

**Conclusion:**

This allocation maximizes the total value derived by both individuals at 120. 
",0,1,2,1
24,"Here's how to determine the allocation that maximizes the total value:

**1. Create a Value Matrix**

It's helpful to visualize the values each person places on the goods:

|        | Good A | Good B | Good C |
|--------|--------|--------|--------|
| Person 1 |   45   |   20   |   35   |
| Person 2 |   35   |   40   |   25   |

**2. Identify the Highest Value for Each Good**

* **Good A:** Person 1 values it most at 45.
* **Good B:** Person 2 values it most at 40.
* **Good C:** Person 1 values it most at 35.

**3. Optimal Allocation**

Based on the highest individual values:

* **Person 1** should receive **Good A and Good C** (Total value for Person 1: 45 + 35 = 80)
* **Person 2** should receive **Good B** (Total value for Person 2: 40)

**4. Total Value**

This allocation results in a **total value of 120** (80 + 40), which is the maximum achievable value given the individual preferences.

**Important Note:** This solution assumes that maximizing the sum of values is the sole criterion for fairness. In real-world scenarios, other fairness concepts like envy-freeness or ensuring everyone gets a minimum level of utility might also be considered. 
",0,1,2,1
25,"Here's how to determine the allocation that maximizes the total value:

**1. Create a Table:**

| Good | Person 1's Value | Person 2's Value |
|---|---|---|
| A | 45 | 35 |
| B | 20 | 40 |
| C | 35 | 25 |

**2. Analyze Each Good:**

* **Good A:** Person 1 values it more (45 > 35)
* **Good B:** Person 2 values it more (40 > 20)
* **Good C:** Person 1 values it more (35 > 25)

**3. Optimal Allocation:**

* **Person 1:** Receives Good A and Good C
* **Person 2:** Receives Good B 

**4. Calculate Total Value:**

* **Person 1:** 45 (Good A) + 35 (Good C) = 80
* **Person 2:** 40 (Good B) = 40
* **Total Value:** 80 + 40 = **120**

**Conclusion:**

This allocation maximizes the total value derived by both individuals. 
",0,1,2,1
26,"Here's how to determine the allocation that maximizes the total value:

**1.  Create a Table:**

| Good | Person 1's Value | Person 2's Value |
|---|---|---|
| A | 45 | 35 |
| B | 20 | 40 |
| C | 35 | 25 |

**2.  Analyze the Values:**

* **Good A:** Person 1 values Good A more than Person 2 (45 > 35).
* **Good B:** Person 2 values Good B more than Person 1 (40 > 20).
* **Good C:** Person 1 values Good C more than Person 2 (35 > 25).

**3. Optimal Allocation:**

To maximize the total value, we should allocate each good to the person who values it most:

* **Person 1:** Receives Good A and Good C.
* **Person 2:** Receives Good B. 

**4. Calculate Total Value:**

* **Person 1's Total Value:** 45 (Good A) + 35 (Good C) = 80
* **Person 2's Total Value:** 40 (Good B) 
* **Combined Total Value:** 80 + 40 = 120

**Conclusion:**

This allocation (Person 1: A and C, Person 2: B) maximizes the sum of values, reaching a total of 120. 
",0,1,2,1
27,"Here's how to determine the allocation that maximizes the total value:

**1.  Create a Table:**

| Good | Person 1's Value | Person 2's Value |
|---|---|---|
| A | 45 | 35 |
| B | 20 | 40 |
| C | 35 | 25 |

**2.  Analyze Each Good:**

* **Good A:** Person 1 values it more (45 > 35)
* **Good B:** Person 2 values it more (40 > 20)
* **Good C:** Person 1 values it more (35 > 25)

**3. Optimal Allocation:**

* **Person 1:**  Good A and Good C
* **Person 2:**  Good B 

**4.  Calculate Total Value:**

* **Person 1:** 45 (Good A) + 35 (Good C) = 80
* **Person 2:** 40 (Good B) = 40
* **Total Value:** 80 + 40 = **120**

**Conclusion:**

This allocation maximizes the total value to 120.  By giving each good to the person who values it most, we ensure that the overall satisfaction (represented by the sum of values) is as high as possible. 
",0,1,2,1
28,"Here's how to determine the allocation maximizing total value:

**1. Create a Table:**

| Good | Person 1 Value | Person 2 Value |
|---|---|---|
| Good A | 45 | 35 |
| Good B | 20 | 40 |
| Good C | 35 | 25 |

**2. Analyze Each Good:**

* **Good A:** Person 1 values it more (45 vs. 35)
* **Good B:** Person 2 values it more (40 vs. 20)
* **Good C:** Person 1 values it more (35 vs. 25)

**3. Optimal Allocation:**

* **Person 1:**  Good A, Good C 
* **Person 2:**  Good B

**4. Calculate Total Value:**

* **Person 1:** 45 (Good A) + 35 (Good C) = 80
* **Person 2:** 40 (Good B) = 40
* **Total Value:** 80 + 40 = **120**

**Conclusion:**

This allocation maximizes the total value derived by both individuals. By giving each person the goods they value most, we ensure the highest possible combined satisfaction. 
",0,1,2,1
29,"Here's how to determine the allocation that maximizes the total value:

**1. Calculate the Total Value for Each Possible Allocation**

* **Person 1 gets A, B, and C:** 45 + 20 + 35 = 100
* **Person 1 gets A and B, Person 2 gets C:** 45 + 20 + 25 = 90
* **Person 1 gets A and C, Person 2 gets B:** 45 + 35 + 40 = 120
* **Person 1 gets B and C, Person 2 gets A:** 20 + 35 + 35 = 90
* **Person 1 gets A, Person 2 gets B and C:** 45 + 40 + 25 = 110
* **Person 1 gets B, Person 2 gets A and C:** 20 + 35 + 25 = 80
* **Person 1 gets C, Person 2 gets A and B:** 35 + 35 + 40 = 110
* **No one gets anything:** 0

**2. Identify the Allocation with the Highest Total Value**

The allocation where **Person 1 gets Good A and Good C, and Person 2 gets Good B** results in the highest total value (120).

**Therefore, the allocation that maximizes the sum of values is:**

* **Person 1:** Good A, Good C
* **Person 2:** Good B 

This solution ensures that the goods go to the individuals who value them the most, leading to the highest overall satisfaction. 
",0,1,2,1
30,"Here's how to determine the allocation that maximizes the total value:

**1. Create a Table**

Organize the information in a table for clarity:

| Person | Good A | Good B | Good C |
|---|---|---|---|
| Person 1 | 45 | 20 | 35 |
| Person 2 | 35 | 40 | 25 |

**2.  Identify the Highest Value for Each Good**

* **Good A:** Person 1 values it highest (45).
* **Good B:** Person 2 values it highest (40).
* **Good C:** Person 1 values it highest (35). 

**3. Optimal Allocation**

Based on the highest values:

* **Person 1:** Receives Good A and Good C 
* **Person 2:** Receives Good B

**4. Calculate Total Value**

* **Person 1:** 45 (Good A) + 35 (Good C) = 80
* **Person 2:** 40 (Good B) = 40
* **Total Value:** 80 + 40 = **120**

**Conclusion**

This allocation maximizes the total value derived from the goods. 
",0,1,2,1
31,"Here's how to determine the allocation maximizing the total value:

**1.  Calculate the Value Each Person Gets from Each Good:**

   We already have this information:

   * **Person 1:** 
      * Good A: 45
      * Good B: 20
      * Good C: 35

   * **Person 2:**
      * Good A: 35
      * Good B: 40
      * Good C: 25

**2.  Determine Who Values Each Good the Most:**

   * **Good A:** Person 1 values it more (45 > 35)
   * **Good B:** Person 2 values it more (40 > 20)
   * **Good C:** Person 1 values it more (35 > 25)

**3. Allocate Goods Based on Highest Value:**

   * **Good A goes to Person 1** 
   * **Good B goes to Person 2**
   * **Good C goes to Person 1**

**4.  Calculate the Total Value:**

   * **Person 1:** 45 (Good A) + 35 (Good C) = 80
   * **Person 2:** 40 (Good B) = 40
   * **Total Value:** 80 + 40 = **120**

**Therefore, the allocation maximizing the sum of values is:**

* **Person 1:** Good A, Good C
* **Person 2:** Good B 

**This allocation results in a total value of 120.** 
",0,1,2,1
32,"Here's how to find the allocation that maximizes the total value:

**1.  Evaluate Each Possible Allocation**

Since we have three goods and two people, we have a few possible scenarios to consider. Let's list them out along with the total value generated in each case:

* **Person 1 gets everything:**
    * A: 45, B: 20, C: 35 = Total value: 100
* **Person 2 gets everything:**
    * A: 35, B: 40, C: 25 = Total value: 100
* **Person 1 gets A & B, Person 2 gets C:**
    * A: 45, B: 20, C: 25 = Total value: 90 
* **Person 1 gets A & C, Person 2 gets B:**
    * A: 45, C: 35, B: 40 = Total value: 120 
* **Person 1 gets B & C, Person 2 gets A:**
    * B: 20, C: 35, A: 35 = Total value: 90
* **No one gets anything (all thrown away):** Total Value: 0

**2.  Identify the Allocation with the Highest Total Value**

From the above scenarios, we can see that the allocation maximizing total value is:

* **Person 1:**  Good A (value 45) and Good C (value 35) 
* **Person 2:**  Good B (value 40)

**This allocation results in a total value of 120, the highest possible.**

**Important Note:** While this solution maximizes the sum of values, it's essential to consider other aspects of fairness in a real-world situation. For example, even though the total value is maximized, Person 1 receives a much higher individual value (80) compared to Person 2 (40). 
",0,1,2,1
33,"Here's how to determine the allocation that maximizes the total value:

**1. Create a table:**

| Good | Person 1 Value | Person 2 Value |
|---|---|---|
| A | 45 | 35 |
| B | 20 | 40 |
| C | 35 | 25 |

**2. Analyze each good:**

* **Good A:** Person 1 values it more (45 > 35)
* **Good B:** Person 2 values it more (40 > 20)
* **Good C:** Person 1 values it more (35 > 25)

**3. Optimal Allocation:**

* **Person 1:** Receives Good A and Good C 
* **Person 2:** Receives Good B

**4. Total Value Calculation:**

* **Person 1:** 45 (Good A) + 35 (Good C) = 80
* **Person 2:** 40 (Good B) 
* **Total:** 80 + 40 = **120**

**Conclusion:** This allocation maximizes the sum of values, achieving a total value of 120. 
",0,1,2,1
34,"Here's how we can determine the allocation that maximizes the total value:

**1. Create a Table:**

| Good | Person 1's Value | Person 2's Value |
|---|---|---|
| A | 45 | 35 |
| B | 20 | 40 |
| C | 35 | 25 |

**2. Analyze the Table:**

* **Good A:** Person 1 values it more (45 > 35)
* **Good B:** Person 2 values it more (40 > 20)
* **Good C:** Person 1 values it more (35 > 25)

**3. Optimal Allocation:**

To maximize the total value, we should:

* **Give Good A to Person 1**  (They value it at 45)
* **Give Good B to Person 2** (They value it at 40)
* **Give Good C to Person 1** (They value it at 35)

**4. Calculate Total Value:**

* Person 1's total value: 45 (Good A) + 35 (Good C) = 80
* Person 2's total value: 40 (Good B) = 40
* **Combined total value: 80 + 40 = 120**

**Conclusion:**

This allocation strategy maximizes the total value derived by both individuals, resulting in a combined value of 120. 
",0,1,2,1
35,"Here's how to determine the allocation maximizing the total value:

**1. Create a table:**

| Good | Person 1 Value | Person 2 Value |
|---|---|---|
| A | 45 | 35 |
| B | 20 | 40 |
| C | 35 | 25 |

**2. Identify the highest value for each good:**

* **Good A:** Person 1 values it more (45 > 35)
* **Good B:** Person 2 values it more (40 > 20)
* **Good C:** Person 1 values it more (35 > 25)

**3. Optimal Allocation:**

* **Person 1:** Receives Good A and Good C
* **Person 2:** Receives Good B

**4. Calculate Total Value:**

* **Person 1:** 45 (Good A) + 35 (Good C) = 80
* **Person 2:** 40 (Good B) 
* **Total Value:** 80 + 40 = **120**

**Conclusion:**

This allocation maximizes the total value derived by both individuals. 
",0,1,2,1
36,"Here's how to determine the allocation that maximizes the total value:

**1. Create a Table**

It's helpful to visualize the values each person places on the goods:

| Good | Person 1 | Person 2 |
|---|---|---|
| A | 45 | 35 |
| B | 20 | 40 |
| C | 35 | 25 |

**2. Identify the Highest Value for Each Good**

* **Good A:** Person 1 values it highest at 45.
* **Good B:** Person 2 values it highest at 40.
* **Good C:** Person 1 values it highest at 35.

**3. Optimal Allocation**

To maximize the total value, allocate each good to the person who values it most:

* **Person 1:** Receives Good A and Good C
* **Person 2:** Receives Good B

**4. Calculate Total Value**

* **Person 1:** 45 (Good A) + 35 (Good C) = 80
* **Person 2:** 40 (Good B) = 40
* **Total Value:** 80 + 40 = 120

**Conclusion**

This allocation maximizes the sum of values derived by both individuals, resulting in a total value of 120. 
",0,1,2,1
37,"Here's how to determine the allocation that maximizes the total value:

**1. Create a Table:**

| Good | Person 1 Value | Person 2 Value |
|---|---|---|
| A | 45 | 35 |
| B | 20 | 40 |
| C | 35 | 25 |

**2. Analyze the Values:**

* **Good A:** Person 1 values it more (45 > 35)
* **Good B:** Person 2 values it more (40 > 20)
* **Good C:** Person 1 values it more (35 > 25)

**3. Optimal Allocation:**

* **Person 1:** Receives Good A and Good C
* **Person 2:** Receives Good B 

**4. Calculate Total Value:**

* Person 1's Value: 45 (Good A) + 35 (Good C) = 80
* Person 2's Value: 40 (Good B)
* **Total Value: 80 + 40 = 120**

**Conclusion:**

This allocation maximizes the total value derived by both individuals. 
",0,1,2,1
38,"Here's how we can determine the allocation that maximizes the total value:

**1. Analyze the values:**

* **Good A:** Person 1 values it more (45 vs. 35)
* **Good B:** Person 2 values it more (40 vs. 20)
* **Good C:** Person 1 values it more (35 vs. 25)

**2.  Optimal Allocation:**

To maximize the total value, we should allocate each good to the person who values it most:

* **Person 1:** Receives Good A and Good C
* **Person 2:** Receives Good B 

**3. Calculate Total Value:**

* **Person 1:** 45 (Good A) + 35 (Good C) = 80
* **Person 2:** 40 (Good B)  
* **Total Value:** 80 + 40 = 120

**Therefore, the allocation that maximizes the sum of values is:**

* **Person 1:** Good A, Good C
* **Person 2:** Good B
* **Total Value:** 120 
",0,1,2,1
39,"Here's how to determine the allocation maximizing the total value:

**1. Analyze Individual Values:**

* **Person 1:**
    * Good A: 45
    * Good B: 20
    * Good C: 35
* **Person 2:**
    * Good A: 35
    * Good B: 40
    * Good C: 25

**2. Identify Highest Value for Each Good:**

* **Good A:** Person 1 values it more (45 > 35)
* **Good B:** Person 2 values it more (40 > 20)
* **Good C:** Person 1 values it more (35 > 25)

**3. Optimal Allocation:**

* **Person 1:** Good A, Good C 
* **Person 2:** Good B

**4. Calculate Total Value:**

* **Person 1:** 45 (Good A) + 35 (Good C) = 80
* **Person 2:** 40 (Good B) = 40
* **Total Value:** 80 + 40 = **120**

**Conclusion:**

By allocating Good A and Good C to Person 1 and Good B to Person 2, we maximize the total value derived from the goods, reaching a sum of 120. 
",0,1,2,1
40,"Here's how to determine the allocation that maximizes the total value:

**1. Create a Table:**

| Good | Person 1 Value | Person 2 Value |
|---|---|---|
| Good A | 45 | 35 |
| Good B | 20 | 40 |
| Good C | 35 | 25 |

**2. Identify the Highest Value for Each Good:**

* **Good A:** Person 1 values it highest (45)
* **Good B:** Person 2 values it highest (40)
* **Good C:** Person 1 values it highest (35) 

**3. Optimal Allocation:**

* **Person 1:** Receives Good A and Good C
* **Person 2:** Receives Good B

**4. Calculate Total Value:**

* **Person 1:** 45 (Good A) + 35 (Good C) = 80
* **Person 2:** 40 (Good B) = 40
* **Total Value:** 80 + 40 = **120**

**Conclusion:**

By allocating Good A and Good C to Person 1 and Good B to Person 2, we maximize the total value derived from the goods, reaching a sum of 120. 
",0,1,2,1
41,"Here's how to determine the allocation that maximizes the total value:

**1. Analyze Individual Values:**

* **Good A:** Person 1 values it more (45 > 35)
* **Good B:** Person 2 values it more (40 > 20)
* **Good C:** Person 1 values it more (35 > 25)

**2. Optimal Allocation:**

Based on the individual values, the allocation maximizing total value is:

* **Person 1:**  Good A and Good C (45 + 35 = 80)
* **Person 2:**  Good B (40)

**3. Total Value:**

This allocation results in a total value of 80 + 40 = **120**.

**Explanation:**

This approach ensures that each good goes to the person who values it most, thereby maximizing the overall satisfaction or utility derived from the goods. 
",0,1,2,1
42,"Here's how we can determine the allocation that maximizes the total value:

**1. Create a Table**

It's helpful to visualize the values in a table:

| Good | Person 1's Value | Person 2's Value |
|---|---|---|
| A | 45 | 35 |
| B | 20 | 40 |
| C | 35 | 25 |

**2. Identify the Highest Value for Each Good**

* **Good A:** Person 1 values it higher (45 > 35)
* **Good B:** Person 2 values it higher (40 > 20)
* **Good C:** Person 1 values it higher (35 > 25)

**3. Optimal Allocation**

Based on the highest values:

* **Person 1:** Receives Good A and Good C
* **Person 2:** Receives Good B 

**4. Calculate Total Value**

* **Person 1's Total Value:** 45 (Good A) + 35 (Good C) = 80
* **Person 2's Total Value:** 40 (Good B)
* **Combined Total Value:** 80 + 40 = 120

**Conclusion:**

This allocation maximizes the sum of values derived by both individuals.  By giving each person the goods they value most, we reach the highest possible combined value of 120. 
",0,1,2,1
43,"Here's how to determine the allocation that maximizes the total value:

**1. Create a Table:**

| Good  | Person 1 Value | Person 2 Value |
|-------|----------------|----------------|
| Good A | 45            | 35            |
| Good B | 20            | 40            |
| Good C | 35            | 25            |

**2. Analyze the Values:**

* **Good A:** Person 1 values it more (45 > 35)
* **Good B:** Person 2 values it more (40 > 20)
* **Good C:** Person 1 values it more (35 > 25)

**3. Optimal Allocation:**

* **Person 1:** Receives Good A and Good C 
* **Person 2:** Receives Good B

**4. Total Value Calculation:**

* **Person 1:** 45 (Good A) + 35 (Good C) = 80
* **Person 2:** 40 (Good B) = 40
* **Total Value:** 80 + 40 = **120**

**Conclusion:**

This allocation maximizes the sum of values to 120, the highest possible total given the individual valuations. 
",0,1,2,1
44,"Here's how to determine the allocation that maximizes the total value:

**1.  Create a table to visualize the values:**

| Person | Good A | Good B | Good C |
|---|---|---|---|
| Person 1 | 45 | 20 | 35 |
| Person 2 | 35 | 40 | 25 |

**2. Analyze the table to find the highest value for each good:**

* **Good A:** Person 1 values it higher (45 > 35)
* **Good B:** Person 2 values it higher (40 > 20)
* **Good C:** Person 1 values it higher (35 > 25)

**3.  Allocate the goods based on the highest value:**

* **Good A goes to Person 1** 
* **Good B goes to Person 2**
* **Good C goes to Person 1**

**4. Calculate the total value:**

* Person 1's total value: 45 (Good A) + 35 (Good C) = 80
* Person 2's total value: 40 (Good B) = 40
* **Total combined value: 80 + 40 = 120**

**Therefore, the allocation that maximizes the sum of values is:**

* **Person 1:** Good A, Good C
* **Person 2:** Good B 

**This allocation results in a total combined value of 120.** 
",0,1,2,1
45,"Here's how we can find the allocation that maximizes the total value:

**1. Create a Table**

It's helpful to visualize the values each person assigns to each good:

| Good | Person 1's Value | Person 2's Value |
|---|---|---|
| A | 45 | 35 |
| B | 20 | 40 |
| C | 35 | 25 |

**2.  Identify the Highest Value for Each Good**

* **Good A:** Person 1 values it more (45 > 35)
* **Good B:** Person 2 values it more (40 > 20)
* **Good C:** Person 1 values it more (35 > 25)

**3. Optimal Allocation**

Based on the highest values, the allocation that maximizes the sum of values is:

* **Person 1:** Good A, Good C
* **Person 2:** Good B 

**4. Calculate Total Value**

* Person 1's total value: 45 (Good A) + 35 (Good C) = 80
* Person 2's total value: 40 (Good B) = 40
* **Total combined value: 80 + 40 = 120**

**Conclusion:** This allocation scheme maximizes the total value derived by both individuals at 120. 
",0,1,2,1
46,"Here's how to find the allocation maximizing total value:

**1.  Create a Table:**

| Person | Good A | Good B | Good C |
| ------ | ------ | ------ | ------ |
| Person 1 | 45     | 20     | 35     |
| Person 2 | 35     | 40     | 25     |

**2. Identify the Highest Value for Each Good:**

*   **Good A:** Person 1 values it most (45).
*   **Good B:** Person 2 values it most (40).
*   **Good C:** Person 1 values it most (35).

**3. Optimal Allocation:**

*   **Person 1:** Receives Good A and Good C 
*   **Person 2:** Receives Good B

**4. Calculate Total Value:**

*   **Person 1:** 45 (Good A) + 35 (Good C) = 80
*   **Person 2:** 40 (Good B) = 40
*   **Total Value:** 80 + 40 = **120**

**Conclusion:**

This allocation (Person 1 gets Good A and Good C, Person 2 gets Good B) maximizes the total value derived, reaching a sum of 120. 
",0,1,2,1
47,"Here's how to determine the allocation maximizing the total value:

**1.  Evaluate each good's potential contribution:**

* **Good A:**
    * Person 1 values it at 45.
    * Person 2 values it at 35.
    * **Giving Good A to Person 1 maximizes its value (45).**

* **Good B:**
    * Person 1 values it at 20.
    * Person 2 values it at 40.
    * **Giving Good B to Person 2 maximizes its value (40).**

* **Good C:**
    * Person 1 values it at 35.
    * Person 2 values it at 25.
    * **Giving Good C to Person 1 maximizes its value (35).**

**2. The Optimal Allocation:**

* **Person 1:** Receives Good A and Good C (Total value: 45 + 35 = 80)
* **Person 2:** Receives Good B (Total value: 40)

**3. Total Value Maximized:**

This allocation results in a combined total value of 80 + 40 = **120**.

**Therefore, to maximize the sum of values, you should give Goods A and C to Person 1, and Good B to Person 2.** 
",0,1,2,1
48,"Here's how to determine the allocation that maximizes the total value:

**1. Create a Table:**

| Good  | Person 1 Value | Person 2 Value |
|-------|----------------|----------------|
| Good A | 45            | 35            |
| Good B | 20            | 40            |
| Good C | 35            | 25            |

**2. Analyze the Table:**

* **Good A:** Person 1 values it more (45 vs. 35)
* **Good B:** Person 2 values it more (40 vs. 20)
* **Good C:** Person 1 values it more (35 vs. 25)

**3. Optimal Allocation:**

* **Person 1:** Receives Good A and Good C
* **Person 2:** Receives Good B 

**4. Calculate Total Value:**

* **Person 1:** 45 (Good A) + 35 (Good C) = 80
* **Person 2:** 40 (Good B) = 40
* **Total Value:** 80 + 40 = **120**

**Conclusion:**

This allocation maximizes the total value derived by both individuals.  By allocating each good to the person who values it most, we ensure the highest possible sum of values. 
",0,1,2,1
49,"Here's how to determine the allocation that maximizes the total value:

**1.  Create a table:**

| Good | Person 1 Value | Person 2 Value |
| --- | --- | --- |
| A | 45 | 35 |
| B | 20 | 40 |
| C | 35 | 25 |

**2.  Analyze the table:**

* **Good A:** Person 1 values it more (45 > 35).
* **Good B:** Person 2 values it more (40 > 20).
* **Good C:** Person 1 values it more (35 > 25).

**3. Determine the optimal allocation:**

* **Person 1:** Receives Good A and Good C.
* **Person 2:** Receives Good B. 

**4. Calculate the total value:**

* **Person 1:** 45 (Good A) + 35 (Good C) = 80
* **Person 2:** 40 (Good B) 
* **Total Value:** 80 + 40 = **120**

**Conclusion:**

This allocation maximizes the total value derived by both individuals. By giving each good to the person who values it most, we ensure that the overall satisfaction (represented by the total value) is as high as possible. 
",0,1,2,1
50,"Here's how to determine the allocation that maximizes the total value:

**1.  Create a Table:**

| Good | Person 1 Value | Person 2 Value |
|---|---|---|
| A | 45 | 35 |
| B | 20 | 40 |
| C | 35 | 25 |

**2.  Identify the Highest Value for Each Good:**

* **Good A:** Person 1 values it more (45 > 35)
* **Good B:** Person 2 values it more (40 > 20)
* **Good C:** Person 1 values it more (35 > 25)

**3. Allocate Goods Based on Highest Value:**

* **Person 1:** Receives Good A and Good C
* **Person 2:** Receives Good B 

**4. Calculate Total Value:**

* **Person 1:** 45 (Good A) + 35 (Good C) = 80
* **Person 2:** 40 (Good B) = 40
* **Total Value:** 80 + 40 = **120**

**Conclusion:**

To maximize the sum of values, you should allocate:

* **Good A and Good C to Person 1**
* **Good B to Person 2**

This allocation results in a total value of **120**. 
",0,1,2,1
51,"Here's how to determine the allocation maximizing total value:

**1. Create a Value Table:**

| Person | Good A | Good B | Good C |
|---|---|---|---|
| Person 1 | 45 | 20 | 35 |
| Person 2 | 35 | 40 | 25 |

**2. Identify the Highest Value for Each Good:**

* **Good A:** Person 1 values it most (45).
* **Good B:** Person 2 values it most (40).
* **Good C:** Person 1 values it most (35).

**3. Optimal Allocation:**

* **Person 1:** Receives Good A and Good C.
* **Person 2:** Receives Good B. 

**4. Calculate Total Value:**

* **Person 1:** 45 (Good A) + 35 (Good C) = 80
* **Person 2:** 40 (Good B) = 40
* **Total Value:** 80 + 40 = **120**

**Conclusion:**

This allocation maximizes the total value derived by both individuals.  By allocating each good to the person who places the highest value on it, we ensure the most efficient distribution of resources. 
",0,1,2,1
52,"Here's how to determine the allocation that maximizes the total value:

**1.  Calculate the value each person derives from each good:**

This information is already given:

| Person | Good A | Good B | Good C |
|-------|--------|--------|--------|
| Person 1 | 45     | 20     | 35     |
| Person 2 | 35     | 40     | 25     |

**2. Identify the highest value for each good:**

* **Good A:** Person 1 values it highest at 45.
* **Good B:** Person 2 values it highest at 40.
* **Good C:** Person 1 values it highest at 35.

**3. Allocate the goods based on the highest value:**

* **Good A goes to Person 1.**
* **Good B goes to Person 2.**
* **Good C goes to Person 1.**

**4. Calculate the total value:**

* **Person 1:** 45 (Good A) + 35 (Good C) = 80
* **Person 2:** 40 (Good B) = 40
* **Total Value:** 80 + 40 = **120**

**Therefore, the allocation that maximizes the sum of values is:**

* **Person 1:** Good A, Good C
* **Person 2:** Good B 

**This allocation results in a total value of 120.** 
",0,1,2,1
53,"Here's how to determine the allocation that maximizes the total value:

**1. Create a Table:**

| Good | Person 1's Value | Person 2's Value |
|---|---|---|
| Good A | 45 | 35 |
| Good B | 20 | 40 |
| Good C | 35 | 25 |

**2. Identify the Highest Value for Each Good:**

* **Good A:** Person 1 values it most (45).
* **Good B:** Person 2 values it most (40).
* **Good C:** Person 1 values it most (35). 

**3. Optimal Allocation:**

* **Person 1:** Receives Good A and Good C 
* **Person 2:** Receives Good B

**4. Calculate Total Value:**

* **Person 1:** 45 (Good A) + 35 (Good C) = 80
* **Person 2:** 40 (Good B) = 40
* **Total Value:** 80 + 40 = **120**

**Conclusion:**

This allocation maximizes the total value derived by both individuals.  
",0,1,2,1
54,"Here's how we can find the allocation that maximizes the total value:

**1. Create a table:**

| Good | Person 1 Value | Person 2 Value |
|---|---|---|
| Good A | 45 | 35 |
| Good B | 20 | 40 |
| Good C | 35 | 25 |

**2. Analyze the table:**

* **Good A:** Person 1 values it more (45 vs. 35)
* **Good B:** Person 2 values it more (40 vs. 20)
* **Good C:** Person 1 values it more (35 vs. 25)

**3. Optimal Allocation:**

To maximize the total value, we should allocate the goods to the person who values them most:

* **Good A to Person 1** 
* **Good B to Person 2**
* **Good C to Person 1**

**4. Calculate Total Value:**

* Person 1's value: 45 (Good A) + 35 (Good C) = 80
* Person 2's value: 40 (Good B) = 40
* **Total Value: 80 + 40 = 120**

**Conclusion:**

This allocation (Good A and Good C to Person 1, Good B to Person 2) maximizes the total value derived from the goods, reaching a sum of 120. 
",0,1,2,1
55,"Here's how to determine the allocation that maximizes the total value:

**1. Create a Table:**

| Good | Person 1's Value | Person 2's Value |
|---|---|---|
| Good A | 45 | 35 |
| Good B | 20 | 40 |
| Good C | 35 | 25 |

**2. Analyze the Values:**

* **Good A:** Person 1 values it more (45 > 35)
* **Good B:** Person 2 values it more (40 > 20)
* **Good C:** Person 1 values it more (35 > 25)

**3. Optimal Allocation:**

To maximize the total value, we should allocate each good to the person who values it most:

* **Good A:** Person 1
* **Good B:** Person 2
* **Good C:** Person 1

**4. Calculate Total Value:**

* Person 1's total value: 45 (Good A) + 35 (Good C) = 80
* Person 2's total value: 40 (Good B) = 40
* **Total combined value: 80 + 40 = 120**

**Conclusion:**

The allocation that maximizes the sum of values is:

* **Person 1:** Good A, Good C
* **Person 2:** Good B 

This allocation results in a total combined value of 120. 
",0,1,2,1
56,"Here's how we can determine the allocation that maximizes the total value:

**1. Create a Table:**

| Person | Good A | Good B | Good C |
|---|---|---|---|
| Person 1 | 45 | 20 | 35 |
| Person 2 | 35 | 40 | 25 |

**2. Analyze Each Good:**

* **Good A:** Person 1 values it more (45 > 35)
* **Good B:** Person 2 values it more (40 > 20)
* **Good C:** Person 1 values it more (35 > 25)

**3. Optimal Allocation:**

* **Person 1:** Receives Good A and Good C
* **Person 2:** Receives Good B 

**4. Total Value Calculation:**

* **Person 1:** 45 (Good A) + 35 (Good C) = 80
* **Person 2:** 40 (Good B) = 40
* **Total:** 80 + 40 = 120

**Conclusion:**

The allocation that maximizes the sum of values is:

* **Person 1:** Good A, Good C
* **Person 2:** Good B

This allocation results in a total value of **120**. 
",0,1,2,1
57,"Here's how to determine the allocation that maximizes the total value:

**1. Create a Table:**

| Person | Good A | Good B | Good C |
|---|---|---|---|
| Person 1 | 45 | 20 | 35 |
| Person 2 | 35 | 40 | 25 |

**2. Analyze Each Good:**

* **Good A:** Person 1 values it more (45 > 35).
* **Good B:** Person 2 values it more (40 > 20).
* **Good C:** Person 1 values it more (35 > 25).

**3. Optimal Allocation:**

* **Person 1:** Receives Good A and Good C.
* **Person 2:** Receives Good B.

**4. Calculate Total Value:**

* Person 1's Value: 45 (Good A) + 35 (Good C) = 80
* Person 2's Value: 40 (Good B) 
* **Total Value: 80 + 40 = 120**

**Conclusion:**

This allocation maximizes the total value derived by both individuals. 
",0,1,2,1
58,"Here's how we can determine the allocation that maximizes the total value:

**1. Create a Table:**

| Person | Good A | Good B | Good C |
|---|---|---|---|
| Person 1 | 45 | 20 | 35 |
| Person 2 | 35 | 40 | 25 |

**2. Identify the Highest Value for Each Good:**

* **Good A:** Person 1 values it most (45).
* **Good B:** Person 2 values it most (40).
* **Good C:** Person 1 values it most (35).

**3. Optimal Allocation:**

* **Person 1:** Receives Good A and Good C.
* **Person 2:** Receives Good B. 

**4. Calculate Total Value:**

* **Person 1:** 45 (Good A) + 35 (Good C) = 80
* **Person 2:** 40 (Good B) = 40
* **Total Value:** 80 + 40 = 120

**Conclusion:**

This allocation maximizes the total value derived from the goods. By giving each good to the person who values it most, we ensure that no value is wasted by giving a good to someone who would derive less utility from it. 
",0,1,2,1
59,"Here's how to determine the allocation that maximizes the total value:

**1. Create a Table:**

| Good | Person 1 Value | Person 2 Value |
|---|---|---|
| A | 45 | 35 |
| B | 20 | 40 |
| C | 35 | 25 |

**2. Analyze the Table:**

* **Good A:** Person 1 values Good A more than Person 2 (45 > 35).
* **Good B:** Person 2 values Good B more than Person 1 (40 > 20).
* **Good C:** Person 1 values Good C more than Person 2 (35 > 25).

**3. Optimal Allocation:**

To maximize the total value, we should allocate each good to the person who values it most:

* **Good A:** Allocate to Person 1.
* **Good B:** Allocate to Person 2.
* **Good C:** Allocate to Person 1.

**4. Calculate Total Value:**

* Person 1's total value: 45 (Good A) + 35 (Good C) = 80
* Person 2's total value: 40 (Good B) = 40
* **Combined total value: 80 + 40 = 120**

**Conclusion:**

The allocation that maximizes the sum of values is:

* **Person 1:** Good A, Good C
* **Person 2:** Good B

This allocation results in a total combined value of 120. 
",0,1,2,1
60,"Here's how to determine the allocation maximizing the total value:

**1. Create a table:**

| Person | Good A | Good B | Good C |
|---|---|---|---|
| Person 1 | 45 | 20 | 35 |
| Person 2 | 35 | 40 | 25 |

**2. Analyze each good:**

* **Good A:** Person 1 values it more (45 > 35)
* **Good B:** Person 2 values it more (40 > 20)
* **Good C:** Person 1 values it more (35 > 25)

**3. Optimal Allocation:**

* **Person 1:** Receives Good A and Good C
* **Person 2:** Receives Good B 

**4. Calculate Total Value:**

* Person 1's value: 45 (Good A) + 35 (Good C) = 80
* Person 2's value: 40 (Good B) 
* **Total Value: 80 + 40 = 120**

**Conclusion:**

Allocating Good A and Good C to Person 1, and Good B to Person 2 maximizes the total value derived, reaching a sum of 120. 
",0,1,2,1
61,"Here's how to determine the allocation that maximizes the total value:

**1.  Calculate the value each person gets from each good:**

*   **Person 1:**
    *   Good A: 45
    *   Good B: 20
    *   Good C: 35 
*   **Person 2:**
    *   Good A: 35
    *   Good B: 40
    *   Good C: 25

**2. Determine who values each good the most:**

*   **Good A:** Person 1 values it more (45 > 35)
*   **Good B:** Person 2 values it more (40 > 20)
*   **Good C:** Person 1 values it more (35 > 25)

**3. Allocate the goods based on the highest value:**

*   **Person 1:** Gets Good A and Good C 
*   **Person 2:** Gets Good B

**4. Calculate the total value:**

*   **Person 1:** 45 (Good A) + 35 (Good C) = 80
*   **Person 2:** 40 (Good B) = 40
*   **Total Value:** 80 + 40 = **120**

**Therefore, the allocation that maximizes the sum of values is:**

*   **Person 1:** Good A, Good C
*   **Person 2:** Good B

**This allocation results in a total value of 120.** 
",0,1,2,1
62,"Here's how to determine the allocation that maximizes the total value:

**1.  Calculate the value each person derives from each good:**

   We already have this information:

   * **Person 1:** 
      * Good A: 45
      * Good B: 20
      * Good C: 35
   * **Person 2:**
      * Good A: 35
      * Good B: 40
      * Good C: 25

**2. Determine who values each good the most:**

   * **Good A:** Person 1 (45 > 35)
   * **Good B:** Person 2 (40 > 20)
   * **Good C:** Person 1 (35 > 25)

**3. Allocate the goods to the person with the highest value for that good:**

   * **Good A:** Person 1 
   * **Good B:** Person 2
   * **Good C:** Person 1

**4. Calculate the total value:**

   * **Person 1:** 45 (Good A) + 35 (Good C) = 80
   * **Person 2:** 40 (Good B) = 40
   * **Total Value:** 80 + 40 = **120**

**Therefore, the allocation that maximizes the sum of values is:**

* **Person 1:** Good A, Good C
* **Person 2:** Good B 

**This allocation results in a total value of 120.** 
",0,1,2,1
63,"Here's how we can determine the allocation that maximizes the total value:

**1.  Calculate the value each person derives from each good:**

   We already have this information:

   * **Person 1:** 
      * Good A: 45
      * Good B: 20
      * Good C: 35
   * **Person 2:**
      * Good A: 35
      * Good B: 40
      * Good C: 25

**2. Determine who values each good the most:**

   * **Good A:** Person 1 values it more (45 > 35)
   * **Good B:** Person 2 values it more (40 > 20)
   * **Good C:** Person 1 values it more (35 > 25)

**3. Allocate the goods based on the highest value:**

   * **Person 1:** Receives Good A and Good C 
   * **Person 2:** Receives Good B

**4. Calculate the total value generated:**

   * **Person 1:** 45 (Good A) + 35 (Good C) = 80
   * **Person 2:** 40 (Good B) = 40
   * **Total Value:** 80 + 40 = 120

**Therefore, the allocation that maximizes the sum of values is:**

* **Person 1:** Good A, Good C
* **Person 2:** Good B

**This allocation results in a total value of 120.** 
",0,1,2,1
64,"Here's how to determine the allocation maximizing total value:

**1. Create a Table**

Organize the information for clarity:

| Good | Person 1 Value | Person 2 Value |
|---|---|---|
| A | 45 | 35 |
| B | 20 | 40 |
| C | 35 | 25 |

**2. Identify the Highest Value for Each Good**

* **Good A:** Person 1 values it more (45 > 35)
* **Good B:** Person 2 values it more (40 > 20)
* **Good C:** Person 1 values it more (35 > 25)

**3. Optimal Allocation**

* **Person 1:** Receives Good A and Good C
* **Person 2:** Receives Good B

**4. Calculate Total Value**

* **Person 1:** 45 (Good A) + 35 (Good C) = 80
* **Person 2:** 40 (Good B) = 40
* **Total Value:** 80 + 40 = 120

**Conclusion:**

This allocation maximizes the total value derived by both individuals at **120**. 
",0,1,2,1
65,"Here's how to determine the allocation that maximizes the total value:

**1. Create a Table:**

| Good | Person 1 Value | Person 2 Value |
|---|---|---|
| Good A | 45 | 35 |
| Good B | 20 | 40 |
| Good C | 35 | 25 |

**2. Identify the Highest Value for Each Good:**

* **Good A:** Person 1 values it more (45 > 35)
* **Good B:** Person 2 values it more (40 > 20)
* **Good C:** Person 1 values it more (35 > 25)

**3. Optimal Allocation:**

* **Person 1:** Receives Good A and Good C
* **Person 2:** Receives Good B 

**4. Calculate Total Value:**

* **Person 1's Total Value:** 45 (Good A) + 35 (Good C) = 80
* **Person 2's Total Value:** 40 (Good B) = 40
* **Combined Total Value:** 80 + 40 = **120**

**Conclusion:**

This allocation maximizes the total value derived from the goods. By giving each good to the person who values it the most, we ensure that the overall satisfaction (represented by the sum of values) is the highest possible. 
",0,1,2,1
66,"Here's how to determine the allocation that maximizes the total value:

**1. Create a Table:**

| Good | Person 1 Value | Person 2 Value |
|---|---|---|
| A | 45 | 35 |
| B | 20 | 40 |
| C | 35 | 25 |

**2.  Identify the Highest Value for Each Good:**

* **Good A:** Person 1 values it most (45)
* **Good B:** Person 2 values it most (40)
* **Good C:** Person 1 values it most (35)

**3. Optimal Allocation:**

* **Person 1:** Receives Good A and Good C 
* **Person 2:** Receives Good B

**4. Calculate Total Value:**

* **Person 1:** 45 (Good A) + 35 (Good C) = 80
* **Person 2:** 40 (Good B) = 40
* **Total Value:** 80 + 40 = **120**

**Therefore, the allocation that maximizes the sum of values is:**

* **Person 1:** Good A, Good C
* **Person 2:** Good B

**This allocation results in a total value of 120.** 
",0,1,2,1
67,"Here's how to determine the allocation that maximizes the total value:

**1. Create a Table:**

| Good | Person 1 Value | Person 2 Value |
|---|---|---|
| Good A | 45 | 35 |
| Good B | 20 | 40 |
| Good C | 35 | 25 |

**2. Analyze the Table:**

* **Good A:** Person 1 values Good A more than Person 2 (45 vs. 35).
* **Good B:** Person 2 values Good B more than Person 1 (40 vs. 20).
* **Good C:** Person 1 values Good C more than Person 2 (35 vs. 25).

**3. Optimal Allocation:**

To maximize the total value, we should allocate each good to the person who values it most:

* **Good A to Person 1** 
* **Good B to Person 2**
* **Good C to Person 1**

**4. Calculate Total Value:**

* Person 1's value: 45 (Good A) + 35 (Good C) = 80
* Person 2's value: 40 (Good B) = 40
* **Total Value: 80 + 40 = 120**

**Conclusion:**

The allocation that maximizes the sum of values is:

* **Person 1:** Good A, Good C
* **Person 2:** Good B 

This allocation results in a total value of 120. 
",0,1,2,1
68,"Here's how to determine the allocation maximizing the total value:

**1.  Evaluate Each Possible Allocation:**

* **Person 1 gets A, B, and C:** Total Value = 45 + 20 + 35 = 100
* **Person 1 gets A and B, Person 2 gets C:** Total Value = (45 + 20) + 25 = 90
* **Person 1 gets A and C, Person 2 gets B:** Total Value = (45 + 35) + 40 = 120
* **Person 1 gets B and C, Person 2 gets A:** Total Value = (20 + 35) + 35 = 90
* **Person 1 gets A, Person 2 gets B and C:** Total Value = 45 + (40 + 25) = 110
* **Person 1 gets B, Person 2 gets A and C:** Total Value = 20 + (35 + 25) = 80
* **Person 1 gets C, Person 2 gets A and B:** Total Value = 35 + (35 + 40) = 110
* **No one gets anything (all goods discarded):** Total Value = 0

**2. Identify the Allocation with the Maximum Value:**

The allocation that maximizes the total value is giving **Person 1 Good A and Good C, and Person 2 Good B**. This results in a total value of **120**. 

**Explanation:**

This approach ensures we've considered every possible combination of goods and assigned them in a way that yields the highest combined value for both individuals. 
",0,1,2,1
69,"Here's how we can determine the allocation that maximizes the total value:

**1. Create a Value Matrix:**

| Person | Good A | Good B | Good C |
|---|---|---|---|
| Person 1 | 45 | 20 | 35 |
| Person 2 | 35 | 40 | 25 |

**2. Identify the Highest Value for Each Good:**

* **Good A:** Person 1 values it highest at 45.
* **Good B:** Person 2 values it highest at 40.
* **Good C:** Person 1 values it highest at 35. 

**3. Optimal Allocation:**

* **Person 1:** Receives Good A and Good C 
* **Person 2:** Receives Good B

**4. Calculate Total Value:**

* **Person 1:** 45 (Good A) + 35 (Good C) = 80
* **Person 2:** 40 (Good B) = 40
* **Total Value:** 80 + 40 = **120**

**Therefore, the allocation that maximizes the sum of values is:**

* **Person 1:** Good A, Good C
* **Person 2:** Good B 

**This allocation results in a total value of 120.** 
",0,1,2,1
70,"Here's how to determine the allocation maximizing the total value:

**1. Create a Table:**

| Good | Person 1's Value | Person 2's Value |
|---|---|---|
| Good A | 45 | 35 |
| Good B | 20 | 40 |
| Good C | 35 | 25 |

**2. Identify the Highest Value for Each Good:**

* **Good A:** Person 1 values it highest (45)
* **Good B:** Person 2 values it highest (40)
* **Good C:** Person 1 values it highest (35)

**3. Optimal Allocation:**

* **Person 1:** Receives Good A and Good C
* **Person 2:** Receives Good B

**4. Calculate Total Value:**

* **Person 1:** 45 (Good A) + 35 (Good C) = 80
* **Person 2:** 40 (Good B) = 40
* **Total Value:** 80 + 40 = **120**

**Conclusion:**

By allocating Good A and Good C to Person 1 and Good B to Person 2, we maximize the total value derived from the goods, reaching a sum of 120. 
",0,1,2,1
71,"Here's how we can determine the allocation that maximizes the total value:

**1. Create a Table:**

| Good | Person 1's Value | Person 2's Value |
|---|---|---|
| A | 45 | 35 |
| B | 20 | 40 |
| C | 35 | 25 |

**2. Analyze the Table:**

* **Good A:** Person 1 values it more (45 > 35)
* **Good B:** Person 2 values it more (40 > 20)
* **Good C:** Person 1 values it more (35 > 25)

**3. Optimal Allocation:**

To maximize the total value, we should allocate:

* **Good A to Person 1** 
* **Good B to Person 2**
* **Good C to Person 1**

**4. Calculate Total Value:**

* Person 1's total value: 45 (Good A) + 35 (Good C) = 80
* Person 2's total value: 40 (Good B) = 40
* **Combined total value: 80 + 40 = 120**

**Therefore, the allocation that maximizes the sum of values is to give Good A and Good C to Person 1, and Good B to Person 2, resulting in a total value of 120.** 
",0,1,2,1
72,"Here's how to determine the allocation that maximizes the total value:

**1. Create a Table:**

| Good | Person 1's Value | Person 2's Value |
|---|---|---|
| Good A | 45 | 35 |
| Good B | 20 | 40 |
| Good C | 35 | 25 |

**2. Analyze the Table:**

* **Good A:** Person 1 values it more (45 > 35)
* **Good B:** Person 2 values it more (40 > 20)
* **Good C:** Person 1 values it more (35 > 25)

**3. Optimal Allocation:**

* **Person 1:** Receives Good A and Good C
* **Person 2:** Receives Good B

**4. Calculate Total Value:**

* Person 1's Total Value: 45 (Good A) + 35 (Good C) = 80
* Person 2's Total Value: 40 (Good B) = 40
* **Combined Total Value: 80 + 40 = 120**

**Conclusion:**

This allocation maximizes the total value derived from the goods. By giving each person the goods they value most, we ensure the highest possible combined satisfaction. 
",0,1,2,1
73,"Here's how to determine the allocation that maximizes the total value:

**1. Create a Table:**

| Good | Person 1's Value | Person 2's Value |
|---|---|---|
| A | 45 | 35 |
| B | 20 | 40 |
| C | 35 | 25 |

**2.  Identify the Highest Value for Each Good:**

* **Good A:** Person 1 values it most (45).
* **Good B:** Person 2 values it most (40).
* **Good C:** Person 1 values it most (35).

**3. Optimal Allocation:**

* **Person 1:** Receives Good A and Good C.
* **Person 2:** Receives Good B.

**4. Calculate Total Value:**

* **Person 1:** 45 (Good A) + 35 (Good C) = 80
* **Person 2:** 40 (Good B) 
* **Total Value:** 80 + 40 = **120**

**Conclusion:**

By allocating Good A and Good C to Person 1 and Good B to Person 2, we maximize the total value derived from the goods to 120. 
",0,1,2,1
74,"Here's how to determine the allocation that maximizes the total value:

**1. Create a Table:**

| Good | Person 1's Value | Person 2's Value |
|---|---|---|
| Good A | 45 | 35 |
| Good B | 20 | 40 |
| Good C | 35 | 25 |

**2. Identify the Highest Value for Each Good:**

* **Good A:** Person 1 values it more (45 > 35)
* **Good B:** Person 2 values it more (40 > 20)
* **Good C:** Person 1 values it more (35 > 25)

**3. Optimal Allocation:**

* **Person 1:** Receives Good A and Good C 
* **Person 2:** Receives Good B

**4. Calculate Total Value:**

* **Person 1's Total Value:** 45 (Good A) + 35 (Good C) = 80
* **Person 2's Total Value:** 40 (Good B) = 40
* **Combined Total Value:** 80 + 40 = 120

**Conclusion:**

The allocation that maximizes the sum of values is to give Good A and Good C to Person 1, and Good B to Person 2. This results in a total value of 120. 
",0,1,2,1
75,"Here's how to determine the allocation that maximizes the total value:

**1. Create a Table:**

| Good | Person 1 Value | Person 2 Value |
|---|---|---|
| A | 45 | 35 |
| B | 20 | 40 |
| C | 35 | 25 |

**2. Identify the Highest Value for Each Good:**

* **Good A:** Person 1 values it higher (45 > 35)
* **Good B:** Person 2 values it higher (40 > 20)
* **Good C:** Person 1 values it higher (35 > 25)

**3. Optimal Allocation:**

* **Person 1:** Receives Good A and Good C
* **Person 2:** Receives Good B 

**4. Calculate Total Value:**

* **Person 1:** 45 (Good A) + 35 (Good C) = 80
* **Person 2:** 40 (Good B) 
* **Total Value:** 80 + 40 = **120**

**Therefore, the allocation that maximizes the sum of values is to give Good A and Good C to Person 1, and Good B to Person 2. This results in a total value of 120.** 
",0,1,2,1
76,"Here's how to determine the allocation maximizing the total value:

**1.  Calculate the value each person gains from each good:**

   We already have this information:

   * **Person 1:**
      * Good A: 45
      * Good B: 20
      * Good C: 35 
   * **Person 2:**
      * Good A: 35
      * Good B: 40
      * Good C: 25

**2.  Identify the highest value allocation for each good:**

   * **Good A:** Person 1 values it more (45 > 35)
   * **Good B:** Person 2 values it more (40 > 20)
   * **Good C:** Person 1 values it more (35 > 25)

**3.  Allocate the goods accordingly:**

   * Good A goes to Person 1
   * Good B goes to Person 2
   * Good C goes to Person 1

**4.  Calculate the total value:**

   * Person 1's total value: 45 (Good A) + 35 (Good C) = 80
   * Person 2's total value: 40 (Good B) = 40
   * **Combined total value: 80 + 40 = 120**

**Therefore, the allocation maximizing the sum of values is:**

* **Person 1:** Good A and Good C
* **Person 2:** Good B 

This results in a total combined value of 120. 
",0,1,2,1
77,"Here's how we can determine the allocation that maximizes the total value:

**1. Create a Table:**

| Person | Good A | Good B | Good C |
|---|---|---|---|
| Person 1 | 45 | 20 | 35 |
| Person 2 | 35 | 40 | 25 |

**2. Analyze Each Good:**

* **Good A:** Person 1 values it more (45 > 35).
* **Good B:** Person 2 values it more (40 > 20).
* **Good C:** Person 1 values it more (35 > 25).

**3. Optimal Allocation:**

Based on the individual valuations:

* **Person 1:** Receives Good A and Good C.
* **Person 2:** Receives Good B.

**4. Calculate Total Value:**

* Person 1's Value: 45 (Good A) + 35 (Good C) = 80
* Person 2's Value: 40 (Good B) = 40
* **Total Value: 80 + 40 = 120**

**Conclusion:**

The allocation that maximizes the sum of values is:

* Person 1 gets Good A and Good C.
* Person 2 gets Good B.

This allocation results in a total value of 120. 
",0,1,2,1
78,"Here's how to determine the allocation that maximizes the total value:

**1. Create a Table:**

| Good  | Person 1's Value | Person 2's Value |
|-------|------------------|------------------|
| Good A |       45          |        35         |
| Good B |       20          |        40         |
| Good C |       35          |        25         |

**2. Identify the Highest Value for Each Good:**

* **Good A:** Person 1 values it more (45 > 35)
* **Good B:** Person 2 values it more (40 > 20)
* **Good C:** Person 1 values it more (35 > 25)

**3. Optimal Allocation:**

* **Person 1:** Receives Good A and Good C
* **Person 2:** Receives Good B 

**4. Calculate Total Value:**

* **Person 1:** 45 (Good A) + 35 (Good C) = 80
* **Person 2:** 40 (Good B) 
* **Total Value:** 80 + 40 = **120**

**Conclusion:**

This allocation maximizes the total value derived by both individuals.  
",0,1,2,1
79,"Here's how to determine the allocation that maximizes the total value:

**1.  Calculate Total Value for Each Possible Allocation:**

   * **Person 1 gets A, B, C:** 45 + 20 + 35 = 100
   * **Person 1 gets A, B; Person 2 gets C:** 45 + 20 + 25 = 90
   * **Person 1 gets A, C; Person 2 gets B:** 45 + 35 + 40 = 120 
   * **Person 1 gets B, C; Person 2 gets A:** 20 + 35 + 35 = 90
   * **Person 1 gets A; Person 2 gets B, C:** 45 + 40 + 25 = 110
   * **Person 1 gets B; Person 2 gets A, C:** 20 + 35 + 25 = 80
   * **Person 1 gets C; Person 2 gets A, B:** 35 + 35 + 40 = 110
   * **No one gets anything:** 0

**2. Identify the Allocation with the Highest Total Value:**

The allocation where **Person 1 gets Goods A and C, and Person 2 gets Good B** results in the highest total value (120).

**Therefore, the allocation that maximizes the sum of values is:**

* **Person 1:** Good A, Good C
* **Person 2:** Good B 
",0,1,2,1
80,"Here's how to determine the allocation maximizing the total value:

**1. Create a table to visualize the values:**

| Person | Good A | Good B | Good C |
|---|---|---|---|
| Person 1 | 45 | 20 | 35 |
| Person 2 | 35 | 40 | 25 |

**2. Identify the highest value for each good:**

* **Good A:** Person 1 values it highest at 45.
* **Good B:** Person 2 values it highest at 40.
* **Good C:** Person 1 values it highest at 35.

**3. Allocate goods based on the highest value:**

* **Good A goes to Person 1.** 
* **Good B goes to Person 2.**
* **Good C goes to Person 1.**

**4. Calculate the total value:**

* **Person 1:** 45 (Good A) + 35 (Good C) = 80
* **Person 2:** 40 (Good B) = 40
* **Total Value:** 80 + 40 = **120**

**Therefore, the allocation maximizing the sum of values is:**

* **Person 1:** Good A, Good C
* **Person 2:** Good B

This allocation results in a total value of 120, the highest achievable with these preferences. 
",0,1,2,1
81,"Here's how to determine the allocation that maximizes the total value:

**1. Create a Value Matrix**

It's helpful to visualize the values in a table:

| Person | Good A | Good B | Good C |
|---|---|---|---|
| Person 1 | 45 | 20 | 35 |
| Person 2 | 35 | 40 | 25 |

**2. Identify the Highest Value for Each Good**

* **Good A:** Person 1 values it highest at 45.
* **Good B:** Person 2 values it highest at 40.
* **Good C:** Person 1 values it highest at 35.

**3. Optimal Allocation**

Based on the highest values:

* **Person 1 receives:** Good A and Good C
* **Person 2 receives:** Good B 

**4. Calculate Total Value**

* Person 1's value: 45 (Good A) + 35 (Good C) = 80
* Person 2's value: 40 (Good B) 
* **Total Value:** 80 + 40 = **120**

**Conclusion:**

This allocation maximizes the sum of values, resulting in a total value of 120. 
",0,1,2,1
82,"Here's how we can determine the allocation that maximizes the total value:

**1. Create a Table:**

| Good | Person 1's Value | Person 2's Value |
|---|---|---|
| Good A | 45 | 35 |
| Good B | 20 | 40 |
| Good C | 35 | 25 |

**2. Analyze the Table:**

* **Good A:** Person 1 values it more (45 > 35)
* **Good B:** Person 2 values it more (40 > 20)
* **Good C:** Person 1 values it more (35 > 25)

**3. Optimal Allocation:**

To maximize the sum of values, we should allocate each good to the person who values it most:

* **Good A:** Person 1
* **Good B:** Person 2
* **Good C:** Person 1

**4. Calculate Total Value:**

* Person 1's total value: 45 (Good A) + 35 (Good C) = 80
* Person 2's total value: 40 (Good B) = 40

Total value generated by this allocation: 80 + 40 = **120**

**Therefore, the allocation that maximizes the sum of values is to give Good A and Good C to Person 1, and Good B to Person 2, resulting in a total value of 120.** 
",0,1,2,1
83,"Here's how to determine the allocation that maximizes the total value:

**1. Create a Table:**

| Person | Good A | Good B | Good C |
|---|---|---|---|
| Person 1 | 45 | 20 | 35 |
| Person 2 | 35 | 40 | 25 |

**2. Identify the Highest Value for Each Good:**

* **Good A:** Person 1 values it more (45 > 35)
* **Good B:** Person 2 values it more (40 > 20)
* **Good C:** Person 1 values it more (35 > 25)

**3. Optimal Allocation:**

* **Person 1:** Receives Good A and Good C 
* **Person 2:** Receives Good B

**4. Calculate Total Value:**

* **Person 1:** 45 (Good A) + 35 (Good C) = 80
* **Person 2:** 40 (Good B) = 40
* **Total Value:** 80 + 40 = **120**

**Therefore, the allocation that maximizes the sum of values is:**

* **Person 1:** Good A, Good C
* **Person 2:** Good B

**This allocation results in a total value of 120.** 
",0,1,2,1
84,"Here's how to determine the allocation that maximizes the total value:

**1. Create a table:**

| Person | Good A | Good B | Good C |
|---|---|---|---|
| Person 1 | 45 | 20 | 35 |
| Person 2 | 35 | 40 | 25 |

**2. Analyze each good:**

* **Good A:** Person 1 values it more (45 > 35).
* **Good B:** Person 2 values it more (40 > 20).
* **Good C:** Person 1 values it more (35 > 25).

**3.  Determine the optimal allocation:**

* **Good A to Person 1.** 
* **Good B to Person 2.**
* **Good C to Person 1.**

**4. Calculate the total value:**

* Person 1: 45 (Good A) + 35 (Good C) = 80
* Person 2: 40 (Good B) = 40
* **Total value: 80 + 40 = 120**

**Conclusion:**

This allocation maximizes the sum of values derived by both individuals. By giving each good to the person who values it the most, we achieve the highest total value of **120**. 
",0,1,2,1
85,"Here's how we can determine the allocation that maximizes the total value:

**1. Create a Value Matrix**

It's helpful to visualize the values each person assigns to each good:

| Good | Person 1 | Person 2 |
|---|---|---|
| A | 45 | 35 |
| B | 20 | 40 |
| C | 35 | 25 |

**2. Identify the Highest Value for Each Good**

* **Good A:** Person 1 values it most (45).
* **Good B:** Person 2 values it most (40).
* **Good C:** Person 1 values it most (35).

**3. Optimal Allocation**

Based on the highest values, the allocation that maximizes the total value is:

* **Person 1:** Good A, Good C
* **Person 2:** Good B

**4. Calculate Total Value**

* **Person 1's Value:** 45 (Good A) + 35 (Good C) = 80
* **Person 2's Value:** 40 (Good B) = 40
* **Total Value:** 80 + 40 = **120**

**Conclusion:**

This allocation, where Person 1 receives Goods A and C and Person 2 receives Good B, maximizes the sum of values derived by both individuals, resulting in a total value of 120. 
",0,1,2,1
86,"Here's how to find the allocation that maximizes the total value:

**1. Create a Table**

Organize the information into a table:

| Person | Good A | Good B | Good C |
|---|---|---|---|
| Person 1 | 45 | 20 | 35 |
| Person 2 | 35 | 40 | 25 |

**2. Identify the Highest Value for Each Good**

* **Good A:** Person 1 values it highest (45).
* **Good B:** Person 2 values it highest (40).
* **Good C:** Person 1 values it highest (35).

**3.  Optimal Allocation**

Based on the highest values:

* **Person 1:** Receives Good A and Good C
* **Person 2:** Receives Good B

**4. Calculate Total Value**

* **Person 1:** 45 (Good A) + 35 (Good C) = 80
* **Person 2:** 40 (Good B) = 40
* **Total Value:** 80 + 40 = 120

**Conclusion**

The allocation that maximizes the sum of values is:

* **Person 1:** Good A, Good C
* **Person 2:** Good B 

This allocation results in a total value of 120. 
",0,1,2,1
87,"Here's how to determine the allocation maximizing the total value:

**1. Create a table:**

| Good | Person 1 Value | Person 2 Value |
|---|---|---|
| Good A | 45 | 35 |
| Good B | 20 | 40 |
| Good C | 35 | 25 |

**2. Analyze each good:**

* **Good A:** Person 1 values it more (45 > 35)
* **Good B:** Person 2 values it more (40 > 20)
* **Good C:** Person 1 values it more (35 > 25)

**3. Optimal Allocation:**

* **Good A to Person 1:**  This utilizes their higher valuation.
* **Good B to Person 2:** This utilizes their higher valuation. 
* **Good C to Person 1:** This utilizes their higher valuation.

**4. Total Value:**

* **Person 1:** 45 (Good A) + 35 (Good C) = 80
* **Person 2:** 40 (Good B) = 40
* **Total:** 80 + 40 = **120**

**Therefore, the allocation maximizing the sum of values is:**

* **Person 1:** Good A, Good C
* **Person 2:** Good B 

This allocation results in a total value of 120. 
",0,1,2,1
88,"Here's how we can determine the allocation that maximizes the total value:

**1. Create a Table:**

| Good | Person 1's Value | Person 2's Value |
|---|---|---|
| Good A | 45 | 35 |
| Good B | 20 | 40 |
| Good C | 35 | 25 |

**2.  Identify the Highest Value for Each Good:**

* **Good A:** Person 1 values it more (45 > 35)
* **Good B:** Person 2 values it more (40 > 20)
* **Good C:** Person 1 values it more (35 > 25)

**3. Allocate Accordingly:**

* **Good A goes to Person 1** 
* **Good B goes to Person 2**
* **Good C goes to Person 1**

**4. Calculate Total Value:**

* **Person 1's Total Value:** 45 (Good A) + 35 (Good C) = 80
* **Person 2's Total Value:** 40 (Good B) = 40
* **Combined Total Value:** 80 + 40 = **120**

**Conclusion:**

The allocation that maximizes the sum of values is:

* **Person 1:** Good A, Good C
* **Person 2:** Good B 

This results in a total combined value of **120**. 
",0,1,2,1
89,"Here's how to determine the allocation maximizing total value:

**1.  Evaluate Each Possible Allocation:**

Since the goods are indivisible, we need to consider all possible combinations:

* **Person 1 gets:**
    * **A, B, C:** Total value = 45 + 20 + 35 = 100
    * **A, B:** Total Value = 45 + 20 = 65
    * **A, C:** Total Value = 45 + 35 = 80
    * **B, C:** Total Value = 20 + 35 = 55
    * **A only:** Total Value = 45
    * **B only:** Total Value = 20
    * **C only:** Total Value = 35
    * **Nothing:** Total Value = 0 

* **Person 2 gets:** (We'll only list combinations where Person 1 doesn't get the same goods)
    * **A, B, C:** Total Value = 35 + 40 + 25 = 100
    * **B, C:** Total Value = 40 + 25 = 65
    * **A, C:** Total Value = 35 + 25 = 60
    * **A, B:** Total Value = 35 + 40 = 75

**2. Identify the Allocation with Maximum Value:**

The allocation maximizing the sum of values is:

* **Person 1 receives Good A.**
* **Person 2 receives Good B.** 
* **Good C is not allocated.** 

This results in a total value of **105** (45 + 40 + 0).

**Explanation:**

This allocation is optimal because it recognizes that:

* **Person 1 values Good A the most (45).**
* **Person 2 values Good B the most (40).**
* **Neither person values Good C highly enough to make allocating it worthwhile.** 

This approach ensures we maximize the overall benefit derived by both individuals. 
",0,1,2,None
90,"Here's how to determine the allocation that maximizes the total value:

**1. Calculate the value each person derives from each good:**

| Person | Good A | Good B | Good C |
|---|---|---|---|
| Person 1 | 45 | 20 | 35 |
| Person 2 | 35 | 40 | 25 |

**2. Determine who values each good the most:**

* **Good A:** Person 1 values it higher (45 > 35)
* **Good B:** Person 2 values it higher (40 > 20)
* **Good C:** Person 1 values it higher (35 > 25)

**3. Allocate the goods based on the highest valuation:**

* **Person 1:** Receives Good A and Good C
* **Person 2:** Receives Good B

**4. Calculate the total value generated by this allocation:**

* **Person 1:** 45 (Good A) + 35 (Good C) = 80
* **Person 2:** 40 (Good B) 
* **Total Value:** 80 + 40 = **120**

**Therefore, the allocation that maximizes the sum of values is:**

* **Person 1:** Good A, Good C
* **Person 2:** Good B

**This allocation results in a total value of 120.** 
",0,1,2,1
91,"Here's how we can determine the allocation that maximizes the total value:

**1.  Calculate the total value for each possible allocation:**

   * **Person 1 gets everything:**
      * Good A: 45
      * Good B: 20
      * Good C: 35 
      * **Total Value: 100**

   * **Person 2 gets everything:**
      * Good A: 35
      * Good B: 40
      * Good C: 25
      * **Total Value: 100**

   * **Person 1 gets A & B, Person 2 gets C:**
      * Good A (P1): 45
      * Good B (P1): 20
      * Good C (P2): 25
      * **Total Value: 90**

   * **Person 1 gets A & C, Person 2 gets B:**
      * Good A (P1): 45
      * Good C (P1): 35
      * Good B (P2): 40
      * **Total Value: 120**

   * **Person 1 gets B & C, Person 2 gets A:**
      * Good B (P1): 20
      * Good C (P1): 35
      * Good A (P2): 35
      * **Total Value: 90**

   * **No one gets anything (all goods discarded):**
      * **Total Value: 0**

**2. Identify the allocation with the highest total value:**

The allocation where **Person 1 gets Good A and Good C, and Person 2 gets Good B** results in the highest total value of **120**. 

**Therefore, the allocation that maximizes the sum of values is:**

* **Person 1:** Good A, Good C
* **Person 2:** Good B 
",0,1,2,1
92,"Here's how to find the allocation that maximizes the total value:

**1. Create a Table:**

| Good | Person 1 Value | Person 2 Value |
|---|---|---|
| A | 45 | 35 |
| B | 20 | 40 |
| C | 35 | 25 |

**2. Analyze the Table:**

* **Good A:** Person 1 values Good A more than Person 2 (45 vs. 35).
* **Good B:** Person 2 values Good B more than Person 1 (40 vs. 20).
* **Good C:** Person 1 values Good C more than Person 2 (35 vs. 25).

**3. Determine the Optimal Allocation:**

To maximize the total value, we should allocate the goods to the person who values them most:

* **Good A goes to Person 1.** 
* **Good B goes to Person 2.**
* **Good C goes to Person 1.**

**4. Calculate Total Value:**

* Person 1's total value: 45 (Good A) + 35 (Good C) = 80
* Person 2's total value: 40 (Good B) = 40

**Total value for this allocation: 80 + 40 = 120**

**Conclusion:**

The allocation that maximizes the sum of values is:

* **Person 1:** Good A, Good C
* **Person 2:** Good B 

This results in a total value of 120. 
",0,1,2,1
93,"Here's how we can determine the allocation that maximizes the total value:

**1. Analyze Individual Values:**

* **Person 1:** Values Good A the most (45), followed by Good C (35), and then Good B (20).
* **Person 2:** Values Good B the most (40), followed by Good A (35), and then Good C (25).

**2.  Maximize Value Allocation:**

To maximize the total value, we should aim to give each good to the person who values it most:

* **Good A:** Person 1 values it more (45 > 35)
* **Good B:** Person 2 values it more (40 > 20)
* **Good C:** Person 1 values it more (35 > 25)

**3. Optimal Allocation:**

* **Person 1:** Receives Good A and Good C 
* **Person 2:** Receives Good B

**4. Total Value Calculation:**

* **Person 1:** 45 (Good A) + 35 (Good C) = 80
* **Person 2:** 40 (Good B) = 40
* **Total Value:** 80 + 40 = **120**

**Conclusion:**

The allocation that maximizes the sum of values is to give Good A and Good C to Person 1 and Good B to Person 2. This results in a total combined value of 120. 
",0,1,2,1
94,"Here's how we can determine the allocation that maximizes the total value:

**1. Create a Table**

It's helpful to visualize the values in a table:

| Person | Good A | Good B | Good C |
|---|---|---|---|
| Person 1 | 45 | 20 | 35 |
| Person 2 | 35 | 40 | 25 |

**2. Identify the Highest Value for Each Good**

* **Good A:** Person 1 values it higher (45 > 35)
* **Good B:** Person 2 values it higher (40 > 20)
* **Good C:** Person 1 values it higher (35 > 25)

**3. Optimal Allocation**

Based on the highest values:

* **Person 1 receives:** Good A and Good C
* **Person 2 receives:** Good B

**4. Calculate Total Value**

* Person 1's total value: 45 (Good A) + 35 (Good C) = 80
* Person 2's total value: 40 (Good B) = 40
* **Combined total value: 80 + 40 = 120**

**Conclusion:**

The allocation that maximizes the sum of values is:

* **Person 1:** Good A, Good C
* **Person 2:** Good B 

This allocation results in a total value of 120. 
",0,1,2,1
95,"Here's how we can determine the allocation that maximizes the total value:

**1. Create a Table:**

| Person | Good A | Good B | Good C |
|---|---|---|---|
| Person 1 | 45 | 20 | 35 |
| Person 2 | 35 | 40 | 25 |

**2. Analyze Each Good:**

* **Good A:** Person 1 values it more (45 > 35)
* **Good B:** Person 2 values it more (40 > 20)
* **Good C:** Person 1 values it more (35 > 25)

**3. Optimal Allocation:**

* Give Good A to Person 1.
* Give Good B to Person 2.
* Give Good C to Person 1.

**4. Calculate Total Value:**

* Person 1's value: 45 (Good A) + 35 (Good C) = 80
* Person 2's value: 40 (Good B) = 40
* **Total Value: 80 + 40 = 120**

**Conclusion:**

The allocation that maximizes the sum of values is:

* **Person 1:** Good A, Good C
* **Person 2:** Good B 

This allocation results in a total value of 120. 
",0,1,2,1
96,"Here's how to determine the allocation that maximizes the total value:

**1. Create a Table:**

| Good | Person 1's Value | Person 2's Value |
|---|---|---|
| Good A | 45 | 35 |
| Good B | 20 | 40 |
| Good C | 35 | 25 |

**2.  Identify the Highest Value for Each Good:**

* **Good A:** Person 1 values it higher (45 > 35)
* **Good B:** Person 2 values it higher (40 > 20)
* **Good C:** Person 1 values it higher (35 > 25)

**3. Optimal Allocation:**

* **Person 1:** Receives Good A and Good C 
* **Person 2:** Receives Good B

**4. Calculate Total Value:**

* **Person 1's Total Value:** 45 (Good A) + 35 (Good C) = 80
* **Person 2's Total Value:** 40 (Good B) = 40
* **Combined Total Value:** 80 + 40 = **120**

**Conclusion:**

This allocation maximizes the sum of values, reaching a total of 120. 
",0,1,2,1
97,"Here's how to determine the allocation maximizing the total value:

**1.  Create a Table:**

| Good | Person 1 Value | Person 2 Value |
|---|---|---|
| Good A | 45 | 35 |
| Good B | 20 | 40 |
| Good C | 35 | 25 |

**2. Analyze the Values:**

* **Good A:** Person 1 values it more (45 vs. 35)
* **Good B:** Person 2 values it more (40 vs. 20)
* **Good C:** Person 1 values it more (35 vs. 25)

**3. Optimal Allocation:**

* **Person 1:** Receives Good A and Good C
* **Person 2:** Receives Good B

**4. Calculate Total Value:**

* **Person 1:** 45 (Good A) + 35 (Good C) = 80
* **Person 2:** 40 (Good B) = 40
* **Total Value:** 80 + 40 = **120**

**Conclusion:**

By allocating Good A and Good C to Person 1 and Good B to Person 2, we maximize the total value derived from the goods to 120. 
",0,1,2,1
98,"Here's how to determine the allocation maximizing total value:

**1. Create a Table:**

| Person | Good A | Good B | Good C |
|---|---|---|---|
| Person 1 | 45 | 20 | 35 |
| Person 2 | 35 | 40 | 25 |

**2. Identify the Highest Value for Each Good:**

* **Good A:** Person 1 values it most (45).
* **Good B:** Person 2 values it most (40).
* **Good C:** Person 1 values it most (35).

**3. Optimal Allocation:**

* **Person 1:** Receives Good A and Good C.
* **Person 2:** Receives Good B. 

**4. Calculate Total Value:**

* **Person 1:** 45 (Good A) + 35 (Good C) = 80
* **Person 2:** 40 (Good B) = 40
* **Total Value:** 80 + 40 = 120

**Conclusion:**

This allocation maximizes the total value derived by both individuals. By giving each good to the person who values it most, we ensure the highest possible combined value. 
",0,1,2,1
99,"Here's how to determine the allocation that maximizes the total value:

**1. Create a Table**

It's helpful to visualize the values each person places on the goods:

| Good | Person 1 | Person 2 |
|---|---|---|
| A | 45 | 35 |
| B | 20 | 40 |
| C | 35 | 25 |

**2. Identify the Highest Value for Each Good**

* **Good A:** Person 1 values it highest at 45.
* **Good B:** Person 2 values it highest at 40.
* **Good C:** Person 1 values it highest at 35.

**3. Allocate the Goods Accordingly**

Based on the highest values:

* **Good A** goes to **Person 1**.
* **Good B** goes to **Person 2**.
* **Good C** goes to **Person 1**.

**4. Calculate the Total Value**

* Person 1's total value: 45 (Good A) + 35 (Good C) = 80
* Person 2's total value: 40 (Good B) = 40

**Total value for both individuals: 80 + 40 = 120**

**Conclusion**

The allocation that maximizes the sum of values is:

* **Person 1:** Good A, Good C
* **Person 2:** Good B 

This allocation results in a total value of **120**. 
",0,1,2,1
